"","dep","code_dep","commune","code_commune","liste_ext","parti_t2","t_voix_exprimes_t2","sum_scores","length_list","inscrits","nb_in_fusion","prop_index"
"1","Ain","1","Belley","34","REUNIR POUR BELLEY AVEC JEAN MARC FOGNINI","LDIV, LDVG",0.450054093040029,0.394913986537023,31,5748,2,0.483870967741935
"2","Ain","1","Ferney-Voltaire","160","Ferney Avenir 2020","LDIV, LDVG, LREM",0.246963562753036,0.399339933993399,31,3791,3,2.2258064516129
"3","Aisne","2","Bichancourt","86","RÉ'INVENTER BICHANCOURT","",0.430379746835443,0.546703296703297,15,771,2,1.46666666666667
"4","Aisne","2","Crouy","243","POUR CROUY, J'AGIS !","",0.332425068119891,0.634088200238379,25,2101,3,4.04
"5","Alpes-de-Haute-Provence","4","Manosque","112","VIVONS MANOSQUE AUTREMENT","LDVC, LDVD",0.21595358955765,0.336908100973437,37,16120,2,1.05405405405405
"6","Alpes-Maritimes","6","Cagnes-sur-Mer","27","L'AUTRE VOIE","LDIV, LDVD, LECO",0.344813655186345,0.30297049245041,47,33723,3,5.51063829787234
"7","Alpes-Maritimes","6","Menton","83","MENTON DEMAIN","LDVD, LUDI",0.443035107587769,0.391364421416235,37,21671,2,0.702702702702703
"8","Alpes-Maritimes","6","Saint-Cézaire-sur-Siagne","118","ENSEMBLE POUR UN SAINT CEZAIRE D'AVENIR","LDIV, LDVD",0.321590337191746,0.456150341685649,27,3330,2,2.51851851851852
"9","Alpes-Maritimes","6","Saint-Jeannet","122","UNIS-VERS SAINT-JEANNET","LDIV",0.554831704668838,0.648986889153754,29,3518,2,1.27586206896552
"10","Alpes-Maritimes","6","Saint-Martin-Vésubie","127","POUR TOUS ET AVEC VOUS POUR SAINT MARTIN VESUBIE","",0.401129943502825,0.528525296017223,17,1324,2,0
"11","Alpes-Maritimes","6","Saint-Paul-de-Vence","128","SAINT PAUL A COEUR","",0.497422680412371,0.617910447761194,25,2816,3,1.6
"12","Alpes-Maritimes","6","Spéracèdes","137","TRANSITION SPERACEDES","",0.325916230366492,0.389857369255151,17,1160,2,0.0588235294117647
"13","Alpes-Maritimes","6","Théoule-sur-Mer","138","Notre parti, c'est Théoule !","",0.535483870967742,0.522352941176471,17,1437,2,0.941176470588235
"14","Alpes-Maritimes","6","Tourrettes-sur-Loup","148","Tourrettes ensemble","LDIV",0.526913875598086,0.59457671957672,27,3294,2,3.03703703703704
"15","Alpes-Maritimes","6","Vence","157","Avec Catherine LE LAN 2020 on avance !","LDVC, LECO",0.193937111655056,0.279915433403805,35,14010,2,0.285714285714286
"16","Ardèche","7","Aubenas","19","AUBENAS ACTION","LDVC",0.20229158435401,0.248421834385444,35,8038,2,4.05714285714286
"17","Ardèche","7","Aubenas","19","AUBENAS EN MOUVEMENT","LDVG, LVEC",0.278941129988147,0.289268473821017,35,8038,2,0.0571428571428571
"18","Ardèche","7","Saint-Just-d'Ardèche","259","UNISSONS-NOUS POUR SAINT JUST D'ARDECHE","",0.517119244391972,0.571241830065359,21,1253,2,0
"19","Ardennes","8","Revin","363","REVIN ENSEMBLE  Créons l'Avenir !","LDVG",0.434156378600823,0.529092702169625,31,4688,2,3.83870967741935
"20","Ariège","9","Pamiers","225","PAMIERS CITOYENNE","LDVG",0.19916142557652,0.291390728476821,35,9431,2,3.25714285714286
"21","Ariège","9","Pamiers","225","PAMIERS AUTREMENT","LDVC",0.413929652923364,0.426915799432356,35,9431,2,1.17142857142857
"22","Aube","10","Bar-sur-Seine","34","LE RENOUVEAU BARSEQUANAIS","",0.404208194905869,0.454651162790698,23,1765,2,1.08695652173913
"23","Aude","11","Carcassonne","69","TAMARARIVEL2020 ""Une ENERGIE nouvelle pour Carcassonne !""","LDVG, LSOC",0.374182082559173,0.302016339301234,45,29740,2,0.466666666666667
"24","Aude","11","Limoux","206","LIMOUX RENOUVEAU","LDVD, LREM",0.246485473289597,0.345952600800246,33,6041,2,0.303030303030303
"25","Bas-Rhin","67","Illkirch-Graffenstaden","218","ILLKIRCH-GRAFFENSTADEN, C'EST MA NATURE","LDVG, LECO",0.345139771283354,0.428429258583513,37,17943,2,1.40540540540541
"26","Bas-Rhin","67","Ostwald","365","OSTWALD AVEC VOUS","LDVD, LDVG",0.467241379310345,0.507342657342657,35,8090,2,1.71428571428571
"27","Bas-Rhin","67","Sessenheim","465","L'EXPÉRIENCE AVEC UN NOUVEL ÉLAN !","",0.358262967430639,0.582829504232165,20,1751,2,3.15
"28","Bas-Rhin","67","Strasbourg","482","100 % STRASBOURG","LUC, LUD",0.349597264878021,0.381334981458591,67,143600,2,0
"29","Bouches-du-Rhône","13","Aix-en-Provence","1","Aix au coeur","LDVD, LREM",0.321210289475452,0.295438618844365,55,89924,2,3.23636363636364
"30","Bouches-du-Rhône","13","Allauch","2","ENSEMBLE POUR ALLAUCH","LDVD, LDVG",0.244123807307424,0.355666156202144,37,17772,2,1.27027027027027
"31","Bouches-du-Rhône","13","Arles","4","LE PARTI DES ARLESIENS","LECO, LUG",0.427757966179685,0.294787121122774,47,37395,2,2.93617021276596
"32","Bouches-du-Rhône","13","Aubagne","5","RASSEMBLÉ.E.S POUR AUBAGNE","LUG, LVEC",0.432161188998698,0.328573733462407,45,33155,2,1.91111111111111
"33","Bouches-du-Rhône","13","Cabriès","19","CABRIES ENSEMBLE 2020","LDVC, LDVG",0.351455915292201,0.464005537609599,31,8479,3,0.258064516129032
"34","Bouches-du-Rhône","13","Cabriès","19","Un nouveau souffle pour Cabriès-Calas","LDVC, LECO",0.365302382406842,0.353022611905861,31,8479,2,1.58064516129032
"35","Bouches-du-Rhône","13","Carry-le-Rouet","21","UNIS POUR CARRY-LE-ROUET","LDVD, LLR",0.473756432246998,0.556870229007634,30,5764,2,1.43333333333333
"36","Bouches-du-Rhône","13","Gardanne","41","Dr Jean-Marc LA PIANA 2020","LDVG",0.281102798559158,0.408135896289674,37,16531,2,3.97297297297297
"37","Bouches-du-Rhône","13","La Ciotat","28","POUR QUE VIVE LA CIOTAT","LDIV, LDVC, LECO",0.237923131170663,0.298836811495039,41,30139,3,0.195121951219512
"38","Bouches-du-Rhône","13","Lamanon","49","LAMANON POUR TOUS","",0.464503042596349,0.543408360128617,19,1661,3,1.52631578947368
"39","Bouches-du-Rhône","13","Marseille Secteur 1","Marseille Secteur 1","LE PRINTEMPS MARSEILLAIS, LE RASSEMBLEMENT DE LA GAUCHE, DES ECOLOGISTES ET DES CITOYENS","LUG, LVEC",0.580133598490643,0.498243626062323,35,44348,2,1.14285714285714
"40","Bouches-du-Rhône","13","Marseille Secteur 2","Marseille Secteur 2","ENSEMBLE POUR MARSEILLE AVEC BRUNO GILLES","LDVD, LREM",0.198585984612185,0.24970591380601,26,32723,2,2.03846153846154
"41","Bouches-du-Rhône","13","Marseille Secteur 2","Marseille Secteur 2","LE PRINTEMPS MARSEILLAIS, LE RASSEMBLEMENT DE LA GAUCHE, DES ECOLOGISTES ET DES CITOYENS","LUG, LVEC",0.462882096069869,0.330339001176345,26,32723,2,0.692307692307692
"42","Bouches-du-Rhône","13","Marseille Secteur 3","Marseille Secteur 3","LE PRINTEMPS MARSEILLAIS, LE RASSEMBLEMENT DE LA GAUCHE, DES ECOLOGISTES ET DES CITOYENS","LUG, LVEC",0.569922283325001,0.455544651619235,35,54119,2,0.4
"43","Bouches-du-Rhône","13","Marseille Secteur 4","Marseille Secteur 4","LE PRINTEMPS MARSEILLAIS, LE RASSEMBLEMENT DE LA GAUCHE, DES ECOLOGISTES ET DES CITOYENS","LUG, LVEC",0.417842814673709,0.363505599506832,47,80181,2,2.51063829787234
"44","Bouches-du-Rhône","13","Marseille Secteur 4","Marseille Secteur 4","Une volonté pour Marseille avec Martine VASSAL","LDVD, LLR",0.391635639449303,0.35963560395904,45,80181,2,4.28888888888889
"45","Bouches-du-Rhône","13","Marseille Secteur 5","Marseille Secteur 5","LE PRINTEMPS MARSEILLAIS, LE RASSEMBLEMENT DE LA GAUCHE, DES ECOLOGISTES ET DES CITOYENS","LUG, LVEC",0.351882521806338,0.254480865493299,45,82124,2,5.06666666666667
"46","Bouches-du-Rhône","13","Marseille Secteur 6","Marseille Secteur 6","LE PRINTEMPS MARSEILLAIS, LE RASSEMBLEMENT DE LA GAUCHE, DES ECOLOGISTES ET DES CITOYENS","LUG, LVEC",0.34105566564583,0.25291844456968,41,80831,2,3.5609756097561
"47","Bouches-du-Rhône","13","Marseille Secteur 8","Marseille Secteur 8","MARSEILLE AVANT TOUT AVEC SAMIA GHALI","LDVG, LVEC",0.381693885301937,0.312421085858586,36,47721,2,1.58333333333333
"48","Bouches-du-Rhône","13","Orgon","67","RENAISSANCE D'ORGON - ENSEMBLE PROGRESSONS","",0.459166666666667,0.568480300187617,25,2104,2,0.2
"49","Bouches-du-Rhône","13","Rognes","82","Rognes en transition","LDIV, LDVD",0.305580159433127,0.428061224489796,27,3960,2,0.740740740740741
"50","Bouches-du-Rhône","13","Roquefort-la-Bédoule","85","ROQUEFORT LA BEDOULE L'AVENIR","LDVC, LVEC",0.505712109672506,0.536440677966102,31,4576,2,0.290322580645161
"51","Bouches-du-Rhône","13","Saint-Rémy-de-Provence","100","DEFENDONS NOTRE HISTOIRE CONSTRUISONS NOTRE AVENIR avec Hervé CHERUBINI","LDVG, LECO",0.500536595836016,0.560319270239453,31,8770,2,0.32258064516129
"52","Bouches-du-Rhône","13","Saintes-Maries-de-la-Mer","96","LES SAINTES NOUS AIMONS","",0.524839006439742,0.644076305220884,19,2675,2,1.78947368421053
"53","Bouches-du-Rhône","13","Sausset-les-Pins","104","ALTERNATIVE SAUSSET","LDVC, LDVD, LECO",0.59527972027972,0.558139534883721,29,7131,3,3.10344827586207
"54","Bouches-du-Rhône","13","Velaux","112","Ensemble pour Velaux","LDVG",0.283396117067517,0.369565217391304,31,7219,2,1.19354838709677
"55","Calvados","14","Cabourg","117","CABOURG À 109%","LDIV, LDVD",0.413090128755365,0.446227929373997,29,3402,3,4.62068965517241
"56","Calvados","14","Ifs","341","Ifs Citoyenne et Ecologiste","LDIV, LDVG",0.401293396868618,0.511976047904192,35,7495,2,1.8
"57","Calvados","14","La Rivière-Saint-Sauveur","536","L'avenir s'écrit avec vous","",0.393401015228426,0.533665835411471,25,1629,2,0.08
"58","Calvados","14","Lisieux","366","#TousLisieux2020","LDIV, LDVG",0.347116052814454,0.296425297891842,35,13265,2,2.57142857142857
"59","Calvados","14","May-sur-Orne","408","BIEN VIVRE À MAY SUR ORNE","",0.590966122961104,0.630810092961487,19,1556,2,0.263157894736842
"60","Calvados","14","Port-en-Bessin-Huppain","515","PORT EN BESSIN - HUPPAIN, UNIS TOUT SIMPLEMENT","",0.440281030444965,0.528076463560335,21,1527,2,0.952380952380952
"61","Calvados","14","Saint-Pierre-en-Auge","654","L'AVENIR ENSEMBLE","LDIV",0.426867765696247,0.532322426177175,59,5716,2,1.28813559322034
"62","Calvados","14","Touques","699","PASSIONNEMENT TOUQUAIS","LDIV",0.428347689898199,0.510942760942761,27,3033,2,0.666666666666667
"63","Calvados","14","Trouville-sur-Mer","715","STÉPHANIE FRESNAIS POUR LES TROUVILLAIS","LDIV, LDVD",0.494656488549618,0.488372093023256,29,4013,2,0.862068965517241
"64","Calvados","14","Villers-sur-Mer","754","Ensemble pour l'Avenir","",0.442748091603053,0.517607973421927,24,2482,2,0.125
"65","Cantal","15","Aurillac","14","REINVENTONS AURILLAC","LDVC, LDVD",0.407038345105954,0.519905673463726,35,16498,2,0.171428571428571
"66","Cantal","15","Champagnac","37","CHAMPAGNAC TOUS ENSEMBLE","",0.507936507936508,0.583601286173633,17,923,2,1.41176470588235
"67","Charente-Maritime","17","La Tremblade","452","YVES TAVERNIER UNIS POUR NOTRE VILLE","LDVD",0.493877551020408,0.577407967725668,27,4162,2,0.111111111111111
"68","Charente-Maritime","17","Marans","218","AGISSONS POUR NOTRE VILLE","LDVC, LDVD",0.313568376068376,0.457762557077626,28,3638,2,0.5
"69","Charente-Maritime","17","Périgny","274","PERIGNY UNE VILLE POUR TOUS","LCOM, LDVG",0.437312936481543,0.548543689320388,31,6441,2,0.32258064516129
"70","Charente-Maritime","17","Rochefort","299","100% Rochefort avec Rémi Letrou","LDVC, LDVG",0.411388140161725,0.355134379369271,37,17512,2,2.21621621621622
"71","Charente-Maritime","17","Saint-Georges-de-Didonne","333","SAINT-GEORGES UNION 2020","LDVC, LECO",0.422493681550126,0.392176039119804,31,4884,2,0.483870967741935
"72","Charente-Maritime","17","Saint-Rogatien","391","DYNAMIQUE CITOYENNE, UN NOUVEL ELAN POUR SAINT-ROGATIEN","",0.489882854100107,0.582964601769911,21,1731,2,0.0476190476190476
"73","Charente-Maritime","17","Saintes","415","SAINTES EN CONFIANCE","LDVC, LDVG, LVEC",0.287071240105541,0.387680651045321,37,18653,3,0.27027027027027
"74","Charente-Maritime","17","Salles-sur-Mer","420","BIEN VIVRE A SALLES SUR MER","",0.479666319082378,0.563986409966025,19,1840,2,0.0526315789473684
"75","Cher","18","Bourges","33","BOURGES POUR TOUTES ET TOUS","LDVG",0.549506877757591,0.497552323518978,49,43740,2,1.04081632653061
"76","Cher","18","Bourges","33","UN PACTE POUR BOURGES","LDVC, LDVD",0.450493122242409,0.484994678964172,49,43740,2,2.44897959183673
"77","Cher","18","Saint-Florent-sur-Cher","207","UNIS POUR SAINT FLORENT","LDVG",0.385707045108971,0.448654037886341,29,4881,2,0.172413793103448
"78","Corse-du-Sud","Corse-du-Sud","Figari","114","Ensemble pour notre commune","",0.46875,0.547979797979798,15,1461,2,0.0666666666666667
"79","Corse-du-Sud","Corse-du-Sud","Zonza","362","VIA NOVA PÀ ZONZA SANTA LUCIA","",0.496833901607404,0.567745474492595,23,2472,2,0
"80","Côte-d'Or","21","Auxonne","38","AUXONNE VILLE D'AVENIR","LDIV",0.393853427895981,0.562747035573123,31,4746,2,2.87096774193548
"81","Côtes-d'Armor","22","Plougrescant","218","POUR VOUS A PLOUGRESCANT","",0.494920174165457,0.562305295950156,15,1207,2,1
"82","Côtes-d'Armor","22","Plouguiel","221","Vivons Plouguiel","",0.514047866805411,0.556879739978332,21,1415,2,0.142857142857143
"83","Côtes-d'Armor","22","Saint-Brieuc","278","SAINT-BRIEUC, LA VOLONTÉ D' AVENIR","LDVC, LMDM",0.401054339010543,0.410318225650916,45,28812,2,0.288888888888889
"84","Deux-Sèvres","79","Saint-Hilaire-la-Palud","257","SAINT HILAIRE ENSEMBLE NATURELLEMENT","",0.534653465346535,0.594972067039106,19,1288,2,0.263157894736842
"85","Deux-Sèvres","79","Saint-Symphorien","298","BIEN VIVRE ENSEMBLE","",0.40755873340143,0.522772277227723,19,1574,2,0.315789473684211
"86","Dordogne","24","Bergerac","37","BERGERAC AVEC CONFIANCE","LDIV, LDVD, LUG",0.346715328467153,0.463479415670651,35,20214,3,2.88571428571429
"87","Dordogne","24","Coulounieix-Chamiers","138","Agissons Ensemble Coulounieix-Chamiers","LDVG, LSOC",0.420860685630926,0.490157480314961,29,6033,2,1.93103448275862
"88","Dordogne","24","Coulounieix-Chamiers","138","EN AVANT COULOUNIEIX-CHAMIERS","LDVC, LDVD",0.579139314369074,0.509842519685039,30,6033,2,2.06666666666667
"89","Dordogne","24","Périgueux","322","ENSEMBLE, DESSINONS PERIGUEUX","LDVG, LSOC, LVEC",0.405578300921187,0.364132605511916,37,17977,3,2.02702702702703
"90","Dordogne","24","Périgueux","322","PATRICK PALEM PERIGUEUX 2020","LDIV, LDVD, LDVG, LUC",0.289790174002047,0.444281720143789,37,17977,4,4.35135135135135
"91","Doubs","25","Châtillon-le-Duc","133","AGIR AUTREMENT","",0.471413160733549,0.620359281437126,19,1661,2,0
"92","Doubs","25","Pirey","454","Pirey avant tout","",0.432882414151925,0.508178844056707,21,1437,2,1.42857142857143
"93","Drôme","26","Bourg-lès-Valence","58","ENSEMBLE POUR BOURG LES VALENCE","LDVG",0.471885173128144,0.515672235481305,35,14200,2,0.314285714285714
"94","Drôme","26","Crest","108","ENSEMBLE POUR CREST","LDVG",0.483304898854497,0.565569196428571,31,6677,2,0.032258064516129
"95","Drôme","26","Romans-sur-Isère","281","PASSIONNÉMENT ROMANS","LDVC, LDVG",0.4647921172795,0.367959788632556,41,21639,2,0.975609756097561
"96","Essonne","91","Brétigny-sur-Orge","103","BRÉTIGNY AVANT TOUT","LDVG",0.467833632555356,0.526650755767701,37,14968,2,2.37837837837838
"97","Essonne","91","Corbeil-Essonnes","174","J'AIME CORBEIL-ESSONNES","LDVD",0.431791064563171,0.464939247547943,47,22798,2,0.872340425531915
"98","Essonne","91","Corbeil-Essonnes","174","CORBEIL ESSONNES NOTRE VILLE - VIVEMENT LE PRINTEMPS 2020 !","LDIV",0.485350656237571,0.406236275801493,47,22798,2,0.74468085106383
"99","Essonne","91","Dourdan","200","ENSEMBLE DOURDAN AVANCE","LECO, LSOC",0.397361647361647,0.418836960399572,35,6674,2,0.2
"100","Essonne","91","Itteville","315","Pour une Alternative Citoyenne à Itteville en 2020","LDVG",0.601423487544484,0.68904593639576,31,4945,2,1.09677419354839
"101","Essonne","91","Les Ulis","692","Osons Les Ulis","LCOM, LSOC",0.624474990454372,0.606113537117904,37,13240,2,0.756756756756757
"102","Essonne","91","Montlhéry","425","MY HORIZON","LDIV, LDVD",0.478412559965111,0.497793035801864,31,4764,2,1.74193548387097
"103","Essonne","91","Roinville-sous-Dourdan","525","NOUVEL ÉLAN","",0.509838998211091,0.56140350877193,17,972,2,1
"104","Essonne","91","Saintry-sur-Seine","577","UNIS POUR SAINTRY","LDIV",0.466000951022349,0.386687797147385,29,4003,2,0.206896551724138
"105","Essonne","91","Villiers-sur-Orge","685","AGIR POUR VILLIERS","LDIV, LDVD",0.376184032476319,0.516216216216216,29,3069,3,1.58620689655172
"106","Eure","27","Hauville","316","Un village à vivre.","",0.403035413153457,0.660771704180064,17,1049,3,0
"107","Eure","27","Terres de Bord","412","TERRE DE BORD, UN AUTRE REGARD !","",0.505231689088191,0.608047690014903,19,1195,2,0
"108","Eure-et-Loir","28","Auneau-Bleury-Saint-Symphorien","15","Au coeur de notre commune","LDVD, LDVG",0.360134003350084,0.478953356086462,33,3581,2,0.727272727272727
"109","Eure-et-Loir","28","Châteaudun","88","ENSEMBLE REDYNAMISONS CHÂTEAUDUN","LDVD",0.288662420382166,0.396252796420582,33,7897,2,0.0303030303030303
"110","Eure-et-Loir","28","Commune-nouvelle-d'Arrou","12","ENSEMBLE AGIR POUR TOUS","LDVD, LDVG",0.478260869565217,0.561046511627907,29,2879,2,0.517241379310345
"111","Eure-et-Loir","28","Dreux","134","DREUX NOTRE VILLE","LDVD, LDVG, LREM",0.412445730824891,0.400397416790859,41,17431,3,0.146341463414634
"112","Eure-et-Loir","28","Saint-Rémy-sur-Avre","359","Vivons Saint Remy","LDIV, LDVG",0.341946597760551,0.365159128978224,29,2410,2,0.0689655172413793
"113","Finistère","29","Brest","19","BREST AU COEUR!","LUG, LVEC",0.496950139703278,0.4227311225487,55,84463,2,3.65454545454545
"114","Finistère","29","Landivisiau","105","ENSEMBLE POUR LANDIVISIAU","LDVG, LREM",0.477632021527077,0.513277555474718,29,6565,2,0.137931034482759
"115","Finistère","29","Penmarch","158","PENMARC'H AVEC VOUS !","LDIV, LDVG",0.505738615327656,0.591845140032949,31,4821,2,2.90322580645161
"116","Finistère","29","Plogoff","168","CHOISIR D'AVANCER AVEC VOUS","",0.555979643765903,0.642951251646904,15,1149,2,1.2
"117","Gard","30","Aramon","12","Ensemble pour Aramon","LDIV, LREM",0.450086555106751,0.577087141986593,29,3430,2,1.89655172413793
"118","Gard","30","Le Grau-du-Roi","133","Charly CRESPE, un nouveau souffle pour le Grau","LDIV, LDVD",0.417960971724413,0.368989854433172,31,8577,2,1.06451612903226
"119","Gard","30","Manduel","155","UN NOUVEAU SOUFFLE POUR MANDUEL","LDIV, LDVC",0.460242851547199,0.576785714285714,31,5358,2,1.54838709677419
"120","Gard","30","Marguerittes","156","MARGUERITTES AVANT TOUT","LDVC, LDVD",0.238632800250862,0.365371506475801,31,7105,2,0
"121","Gard","30","Nîmes","189","NÎMES EN MIEUX !","LDVC, LUG",0.186287517481264,0.279316251516666,59,88252,2,7.13559322033898
"122","Gard","30","Pont-Saint-Esprit","202","UNION CITOYENNE SPIRIPONTAINE","LDIV, LDVG",0.466902313624679,0.566689008042895,35,7024,2,2.22857142857143
"123","Gard","30","Saint-Jean-du-Gard","269","UN AVENIR POUR SAINT JEAN","",0.456472369417108,0.521558872305141,19,2195,2,2.94736842105263
"124","Gard","30","Vauvert","341","Pour nous, c'est Vauvert !","LDVD, LDVG",0.515787329394989,0.540157845868152,33,8942,2,1.57575757575758
"125","Gironde","33","Ambarès-et-Lagrave","3","Avec vous et pour vous","LDIV",0.171879402648633,0.188891732787305,35,10379,2,2.8
"126","Gironde","33","Ambarès-et-Lagrave","3","Avancer Ensemble pour Ambarès-et-Lagrave","LDIV",0.311918850380389,0.226260557972869,35,10379,2,0.2
"127","Gironde","33","Bordeaux","63","Majorité Municipale","LDVD, LREM",0.441231654070736,0.472530072246183,65,151147,2,0.0461538461538462
"128","Gironde","33","Bruges","75","AVEC VOUS POUR BRUGES !","LDVD, LREM",0.436015679040812,0.333557347670251,35,12311,2,0
"129","Gironde","33","Cadaujac","80","Avec Vous, Agissons Vraiment","LDIV",0.367066134043498,0.408297972654408,29,4567,2,0.137931034482759
"130","Gironde","33","La Teste-de-Buch","529","DECIDONS L'AVENIR ENSEMBLE","LDVD, LLR",0.441885263382384,0.360105407882676,35,21612,2,0.457142857142857
"131","Gironde","33","Mérignac","281","Ensemble, nous sommes Mérignac","LDVG, LVEC",0.64922600619195,0.600064288010286,49,45101,2,2.22448979591837
"132","Gironde","33","Pessac","318","REINVENTONS PESSAC ENSEMBLE","LDVG",0.494272547728769,0.476812990229806,51,42268,2,0.274509803921569
"133","Gironde","33","Saint-Médard-de-Guizières","447","Réagir et faire pour Saint Médard de Guizières","",0.430735930735931,0.507743362831858,21,1803,2,0.238095238095238
"134","Gironde","33","Saint-Médard-en-Jalles","449","Saint Médard Pour Vous","LDIV, LDVG",0.524621821692951,0.448837209302326,41,23839,2,0
"135","Gironde","33","Saint-Médard-en-Jalles","449","SAINT-MEDARD NATURELLEMENT !","LDIV, LDVC",0.475378178307049,0.551162790697674,39,23839,2,0.0256410256410256
"136","Gironde","33","Villenave-d'Ornon","550","Villenave écologique, solidaire et citoyenne","LDVG, LUG",0.482406935237124,0.426941205656165,41,23317,2,0.121951219512195
"137","Guadeloupe","Guadeloupe","Baillif","104","NOUVEL ELAN POU BAYIF","LDVC, LDVD",0.41704825642832,0.346963562753036,29,4677,2,2.27586206896552
"138","Guadeloupe","Guadeloupe","Basse-Terre","105","REB@TIR ENSEMBLE BASSE-TERRE","LDVG, LLR, LSOC",0.542557651991614,0.644332774986041,34,9298,3,5
"139","Guadeloupe","Guadeloupe","Gourbeyre","109","GOUBE AN NOU","LDIV, LDVC, LDVG",0.530223390275953,0.581097812628972,31,5398,3,0.419354838709677
"140","Guadeloupe","Guadeloupe","Le Gosier","113","LE GRAND GOSIER ENCORE PLUS LOIN","LDVG",0.250185126414895,0.318233618233618,35,20326,3,0.228571428571429
"141","Guadeloupe","Guadeloupe","Le Gosier","113","AGIR ENSEMBLE","LDIV, LDVG",0.10176663493071,0.224216524216524,37,20326,2,0.432432432432432
"142","Guadeloupe","Guadeloupe","Morne-à-l'Eau","116","FRANCFORT POUR MORNE-A-L'EAU","LDVG",0.297974113674733,0.336440379880408,35,13468,2,1.2
"143","Guadeloupe","Guadeloupe","Morne-à-l'Eau","116","ENSEMBLE POUR UN MEILLEUR AVENIR","LDVG, LSOC",0.324282498593135,0.401864227928245,35,13468,2,0.742857142857143
"144","Guadeloupe","Guadeloupe","Pointe-à-Pitre","120","OXYGENE 2020","LDVC, LECO",0.426887240920327,0.366401497426299,33,11487,2,0.484848484848485
"145","Guadeloupe","Guadeloupe","Pointe-à-Pitre","120","PROJET POINTOIS","LDIV, LDVD",0.171895797680167,0.257370145063173,35,11487,2,1.54285714285714
"146","Guadeloupe","Guadeloupe","Port-Louis","122","REUSSIR PORT-LOUIS","LDVG",0.531979695431472,0.57467824004789,29,5257,2,0.0344827586206897
"147","Guadeloupe","Guadeloupe","Saint-François","125","RESTONS DEBOUT AU LEVANT","LDIV, LDVC, LDVG",0.408788714123561,0.379911788291901,33,11747,3,3.06060606060606
"148","Guadeloupe","Guadeloupe","Saint-Louis","126","AGISSONS ENSEMBLE","",0.193155452436195,0.388290713324361,19,2706,3,1.89473684210526
"149","Guadeloupe","Guadeloupe","Sainte-Anne","128","POUR LA FIERTE SAINTANNAISE","LDVC, LDVD",0.225790634959549,0.253430656934307,37,17968,3,0.135135135135135
"150","Guadeloupe","Guadeloupe","Sainte-Anne","128","ANSANM NOU PI FO","LDVD, LEXG",0.190978180926698,0.265109489051095,37,17968,2,2.18918918918919
"151","Guadeloupe","Guadeloupe","Sainte-Rose","129","CAP POUR SAINTE-ROSE","LDVD, LDVG",0.314557823129252,0.298358092259578,33,14687,2,0.121212121212121
"152","Guadeloupe","Guadeloupe","Sainte-Rose","129","SAINTE-ROSE EN NOUS","LDVC, LDVG",0.228571428571429,0.259108678655199,35,14687,2,1.02857142857143
"153","Guadeloupe","Guadeloupe","Terre-de-Bas","130","RÉUNIR ET RÉUSSIR TERRE DE BAS","",0.473282442748092,0.558789289871944,15,1125,2,0
"154","Guadeloupe","Guadeloupe","Vieux-Fort","133","ENSEMBLE POUR LE CHANGEMET A VIEUX FORT","",0.515673981191223,0.598319327731092,19,1682,2,1.78947368421053
"155","Guadeloupe","Guadeloupe","Vieux-Habitants","134","ZABITAN DOUVAN","LDVD",0.453376205787781,0.491337824831569,29,7265,2,0.241379310344828
"156","Haut-Rhin","68","Colmar","66","UN NOUVEAU MAIRE POUR COLMAR","LDVD, LMDM",0.638899896964413,0.430746353207761,51,42614,2,0.92156862745098
"157","Haut-Rhin","68","Mulhouse","224","MULHOUSE EN VRAI","LDVC",0.229665478009849,0.280777884924462,57,49108,2,2.80701754385965
"158","Haute-Corse","Haute-Corse","Bastia","33","SPARTIMU L'AVVENE","LDVD, LDVG",0.397314549856923,0.428261094445019,45,22341,3,0.266666666666667
"159","Haute-Garonne","31","Castanet-Tolosan","113","ENSEMBLE CASTANET VIVANT!","LDVC, LDVD",0.317836812144212,0.36814116509548,35,8702,2,0.171428571428571
"160","Haute-Garonne","31","Colomiers","149","VIVRE MIEUX ENSEMBLE à COLOMIERS","LDVC, LDVG",0.280184864240324,0.332457868242504,39,22016,2,3.02564102564103
"161","Haute-Garonne","31","Frouzins","203","avec vous frouzins demain","LDVG",0.46904846126636,0.573148485954031,31,6705,2,0.258064516129032
"162","Haute-Garonne","31","L'Isle-en-Dodon","239","ACTION ! L'ENGAGEMENT DE PHILIPPE PAULINO AVEC LES CITOYENS L'ILOIS","",0.259605399792316,0.395432692307692,21,1356,2,1.0952380952381
"163","Haute-Garonne","31","Labastidette","253","L'AVENIR TOUS ENSEMBLE","",0.419014084507042,0.521064301552106,23,1907,2,1.26086956521739
"164","Haute-Garonne","31","Mondonville","351","REGARDS MONDONVILLOIS","LDVC, LECO",0.269870609981516,0.394348105330764,27,3329,2,0.296296296296296
"165","Haute-Garonne","31","Montastruc-la-Conseillère","358","MONTASTRUC C'EST VOUS !","",0.356746765249538,0.432123655913978,25,2661,2,1.76
"166","Haute-Garonne","31","Ramonville-Saint-Agne","446","RAMONVILLE ECOLOGIE 2020","LSOC, LVEC",0.31449203187251,0.364,33,9348,2,0
"167","Haute-Garonne","31","Saint-Geniès-Bellevue","484","demain saint-geniès","",0.370443349753695,0.439770554493308,21,1975,2,0.761904761904762
"168","Haute-Garonne","31","Saint-Lys","499","IMAGINE SAINT-LYS","LDVG, LVEC",0.335158817086528,0.382651276670164,31,6761,2,3.03225806451613
"169","Haute-Garonne","31","Sainte-Foy-d'Aigrefeuille","480","ENSEMBLE POUR SAINTE-FOY","",0.482081911262799,0.567420814479638,21,1899,2,0
"170","Haute-Garonne","31","Toulouse","555","ARCHIPEL CITOYEN","LDVG",0.480156439147034,0.517617202546847,71,244761,3,5.92957746478873
"171","Haute-Garonne","31","Villefranche-de-Lauragais","582","pour villefranche de lauragais, pour vous","LDVC, LDVG",0.470519556333917,0.551008303677343,29,3417,2,2.27586206896552
"172","Haute-Marne","52","Saint-Dizier","448","CAP VERS LE RENOUVEAU","LDVC, LREM, LUD",0.333487725798981,0.387809187279152,36,15291,3,0
"173","Haute-Saône","70","Noidans-lès-Vesoul","388","AVEC VOUS POUR VOUS UNE EQUIPE","",0.423398328690808,0.532258064516129,19,1434,2,0
"174","Haute-Savoie","74","Annecy","10","REVEILLONS ANNECY","LDVC, LDVG",0.447412118000353,0.493760892296968,69,81261,2,2.55072463768116
"175","Haute-Savoie","74","La Roche-sur-Foron","224","AVEC LES ROCHOIS.ES","LDIV, LECO",0.407898996438977,0.41617900172117,33,6917,2,0.454545454545455
"176","Haute-Savoie","74","Les Contamines-Montjoie","85","ENSEMBLE LES CONTAMINES","",0.514754098360656,0.568516421291053,15,1155,2,0
"177","Haute-Savoie","74","Les Houches","143","LA MONTAGNE AU COEUR","",0.410649819494585,0.561357702349869,24,2451,2,0.958333333333333
"178","Haute-Savoie","74","Mieussy","183","FAIRE VIVRE MIEUSSY","",0.472,0.565217391304348,21,1908,2,2.14285714285714
"179","Haute-Savoie","74","Thonon-les-Bains","281","NOUVELLE ÈRE","LDVG, LVEC",0.273880502346822,0.235308285163776,40,23047,2,1.275
"180","Haute-Savoie","74","Thonon-les-Bains","281","J'AIME THONON 2020","LDIV, LDVD",0.242547253583661,0.282032755298651,39,23047,2,4.38461538461539
"181","Haute-Vienne","87","Bellac","11","BELLAC - LE SERIEUX ET L'ACTION","LDVG",0.595759717314488,0.619259259259259,28,2632,2,0.892857142857143
"182","Haute-Vienne","87","Panazol","114","VIVONS PANAZOL","LDIV, LDVG",0.463444553483808,0.608948901244374,33,8313,2,1.75757575757576
"183","Hautes-Alpes","5","Briançon","23","BRIANCON A VENIR","LDIV, LDVG",0.307181403071814,0.381818181818182,35,8517,2,0
"184","Hautes-Alpes","5","Vallouise-Pelvoux","101","ET POURQUOI PAS ?","",0.495483870967742,0.560773480662983,19,1175,2,1.63157894736842
"185","Hautes-Pyrénées","65","Bagnères-de-Bigorre","59","bagnères pour tous","LDVC, LECO",0.387994143484627,0.498872180451128,31,5984,2,1.29032258064516
"186","Hautes-Pyrénées","65","Lourdes","286","UNIS ET RASSEMBLÉS POUR LOURDES","LDVC, LDVG, LLR",0.402214022140221,0.505217562512306,35,10128,4,6.11428571428571
"187","Hautes-Pyrénées","65","Tarbes","440","TARBES LE RENOUVEAU","LDVC, LMDM",0.24159402241594,0.272108843537415,45,26630,2,0.4
"188","Hauts-de-Seine","92","Châtillon","20","JEAN-PAUL BOULET","LDVD, LUC, LUD",0.438284623882696,0.586803397555417,41,22329,3,0.268292682926829
"189","Hauts-de-Seine","92","Chaville","22","AIMER CHAVILLE, RASSEMBLER LES CHAVILLOIS","LUD, LVEC",0.508917534875508,0.638323353293413,35,13418,2,0.228571428571429
"190","Hauts-de-Seine","92","Clamart","23","CLAMART CITOYENNE","LDVG, LVEC",0.326346903130458,0.299869791666667,46,35937,2,2.8695652173913
"191","Hauts-de-Seine","92","Colombes","25","MON PARTI C'EST COLOMBES","LLR, LUC",0.467958880990129,0.557840880020466,55,47398,2,5.10909090909091
"192","Hauts-de-Seine","92","Fontenay-aux-Roses","32","UN TEMPS D'AVANCE POUR FONTENAY","LDVG, LUG",0.471071550838754,0.414623000761615,37,15214,2,0.540540540540541
"193","Hauts-de-Seine","92","Levallois-Perret","44","LEVALOISSIENS AVEC ARNAUD DE COURSON","LDVD, LREM",0.332485906930474,0.358310271004125,51,43596,2,0.0784313725490196
"194","Hauts-de-Seine","92","Montrouge","49","DEMAIN MONTROUGE AVEC JULIETTE MEADEL","LDIV, LDVG, LSOC",0.397539244802715,0.453488372093023,47,28962,3,3.42553191489362
"195","Hauts-de-Seine","92","Sceaux","71","SCEAUX AVANCE","LDVD, LREM",0.334924845269673,0.39860496767608,35,14252,2,0.0857142857142857
"196","Hérault","34","Alignan-du-Vent","9","ALIGNAN DEMAIN","",0.460834181078332,0.425263157894737,19,1361,2,0.526315789473684
"197","Hérault","34","Assas","14","Ensemble, un avenir pour Assas","",0.467573221757322,0.618090452261307,21,1278,2,2.0952380952381
"198","Hérault","34","Castelnau-le-Lez","57","#DécidonsCastelnau","LDIV, LDVG",0.479503105590062,0.559943008345207,37,14972,3,0.378378378378378
"199","Hérault","34","Clermont-l'Hérault","79","ALLEZ CLERMONT-L'HERAULT !","LDIV, LDVC",0.356912144702842,0.530335474660956,31,6350,4,3.16129032258065
"200","Hérault","34","Cournonterral","88","S'UNIR POUR COURNONTERRAL","LDVG, LSOC",0.421691045308598,0.555937380679649,29,5089,2,0.241379310344828
"201","Hérault","34","Lunel","145","MON PARTI C'EST LUNEL","LDIV, LDVG",0.461560084328883,0.419912193740263,37,17776,2,2.97297297297297
"202","Hérault","34","Montpellier","172","LE COEUR ET L'ACTION","LDIV, LDVG, LECO",0.181200408515987,0.394108341693032,65,153403,4,8.84615384615385
"203","Hérault","34","Montpellier","172","LA GAUCHE QUI NOUS RASSEMBLE","LDVG, LVEC",0.472268049336162,0.240855775908635,67,153403,2,2.23880597014925
"204","Hérault","34","Sète","301","ALTERNATIVE SETOISE","LDVG, LEXG",0.411033593246175,0.369053808162204,43,33171,2,0.186046511627907
"205","Hérault","34","Sète","301","Union des Droites et des Citoyens","LDVD, LDVG",0.118016063786129,0.25942292695607,45,33171,2,5.35555555555556
"206","Hérault","34","Vailhauquès","320","VAILHAUQUES NOTRE VILLAGE","",0.452549019607843,0.525368248772504,25,2081,2,1.4
"207","Hérault","34","Villeneuve-lès-Béziers","336","CHOISIR VILLENEUVE","LDVC, LDVD",0.228603603603604,0.325251330573625,27,3113,2,1.07407407407407
"208","Hérault","34","Villeneuve-lès-Maguelone","337","Choisir et Agir Ensemble pour Villeneuve","LDIV, LDVG",0.510662957811776,0.585703104617793,35,7199,2,2.77142857142857
"209","Hérault","34","Viols-le-Fort","343","HUMAIN ET ECOLOGISTE","",0.415944540727903,0.538827258320127,17,1016,2,0.176470588235294
"210","Ille-et-Vilaine","35","Argentré-du-Plessis","6","Argentré, Votre Avenir !","LDVC",0.432296890672016,0.504960835509138,29,3534,2,0
"211","Ille-et-Vilaine","35","Dinard","93","DINARD ENTRE VERT ET MER","LDVD",0.175890985324948,0.240961098398169,35,8986,2,3.94285714285714
"212","Ille-et-Vilaine","35","Rennes","238","POUR RENNES AVEC NATHALIE APPÉRÉ","LUG, LVEC",0.653513558895139,0.581503732826788,61,116461,2,0.0491803278688525
"213","Indre","36","Le Blanc","18","UNION CITOYENNE","LDVG, LVEC",0.384372177055104,0.468805704099822,29,4657,3,0.344827586206897
"214","Indre","36","Saint-Marcel","200","Ensemble construisons l'avenir durable des pitolats","",0.45360824742268,0.503536067892504,20,1319,2,0.1
"215","Indre-et-Loire","37","Saint-Pierre-des-Corps","233","SOLIDAIRE, ECOLOGIQUE, PARTICIPATIVE SAINT-PIERRE-DES-CORPS A GAUCHES TOUTE !","LCOM, LFI",0.348139534883721,0.338557213930348,35,10703,2,1.62857142857143
"216","Indre-et-Loire","37","Tours","261","TOURS NOUS RASSEMBLE","LREM, LUD",0.450584484590861,0.382948490230906,57,79561,2,0.368421052631579
"217","Isère","38","Crolles","140","Crolles, ensemble pour demain","LDVD, LSOC",0.523692523692524,0.602040816326531,31,6596,2,3.35483870967742
"218","Isère","38","Echirolles","151","Echirolles a'venir","LDVG, LFI",0.245688303543431,0.260654812305955,39,20771,2,0.564102564102564
"219","Isère","38","Fontaine","169","Ensemble pour Fontaine, liste d'union du centre et de la société civile avec Franck LONGO","LDVG, LMDM",0.613390928725702,0.532786885245902,37,12958,2,0.405405405405405
"220","Isère","38","Fontaine","169","FONTAINE NOTRE PLANETE COMMUNE ECOLOGIQUE ET SOLIDAIRE","LFI, LUG",0.386609071274298,0.44724674232871,37,12958,2,0.162162162162162
"221","Isère","38","L'Isle-d'Abeau","193","LE RENOUVEAU DE L'ISLE D'ABEAU","LDVD, LDVG",0.296657904618851,0.424325247693885,35,9354,2,2.85714285714286
"222","Isère","38","Le Péage-de-Roussillon","298","Le Péage, une nouvelle dynamique !","LDVC, LDVD, LDVG",0.310871518418688,0.506194690265487,31,3654,3,0.161290322580645
"223","Isère","38","Les Abrets en Dauphiné","1","ALLIANCE DES 3 COMMUNES","LDIV, LDVC",0.181315644002211,0.176801226366888,35,4443,2,1.11428571428571
"224","Isère","38","Rives","337","DYNAMIQUE RIVES","LDVC, LDVD",0.465398837823561,0.487647058823529,31,4230,2,0
"225","Isère","38","Saint-Quentin-Fallavier","449","NOUVEL ELAN CITOYEN","LDVC, LDVG",0.475357710651828,0.522550544323484,31,3406,2,0.483870967741935
"226","Isère","38","Sassenage","474","Sassenage naturellement","LDVG, LVEC",0.478607686729514,0.550291159343568,35,7969,2,0
"227","Isère","38","Seyssinet-Pariset","485","SEYSSINET-PARISET NATURELLEMENT","LUG, LVEC",0.573584905660377,0.553804347826087,35,8197,2,1.31428571428571
"228","La Réunion","La Réunion","L'Etang-Salé","404","LA VOIX DU CITOYEN","LDIV, LDVC",0.499938987187309,0.474978795589483,35,11871,2,1.31428571428571
"229","La Réunion","La Réunion","La Plaine-des-Palmistes","406","LA PLAINE DES POSSIBLES","LDVC, LDVD",0.373811714198099,0.373601053324556,31,5151,2,2.87096774193548
"230","La Réunion","La Réunion","Le Tampon","422","MIEUX VIVRE ENSEMBLE AU TAMPON","LDVD, LLR",0.343572022781084,0.362147281486579,51,63170,2,1.7843137254902
"231","La Réunion","La Réunion","Les Avirons","401","ENSEMBLE CONSTRUISONS L'AVENIR DES AVIRONS","LDVC, LDVD",0.414777497900924,0.46123685617537,35,9148,2,1
"232","La Réunion","La Réunion","Saint-Benoît","410","SAINT BENOIT DAN'COEUR","LDVC, LDVD, LDVG, LUG",0.263549910221454,0.493504448468625,39,27963,4,3.12820512820513
"233","La Réunion","La Réunion","Saint-Denis","411","SAINT-DENIS POUR TOUS","LDVC, LUG",0.588871231282315,0.557048637699775,57,104398,2,1.89473684210526
"234","La Réunion","La Réunion","Saint-Louis","414","ALLIANCE POUR LE DEVELOPPEMENT","LCOM, LDVG",0.315212593791379,0.382809408661244,45,42699,3,3.51111111111111
"235","La Réunion","La Réunion","Saint-Paul","415","LIBRES ET SOLIDAIRES AVEC ALAIN BENARD","LDIV, LDVD",0.382471441437171,0.404246541434033,56,82419,3,6.23214285714286
"236","La Réunion","La Réunion","Sainte-Marie","418","REUSSIR ENSEMBLE POUR SAINTE-MARIE","LDVC, LDVG, LSOC",0.42773782059981,0.525030998140112,39,25738,4,0.0769230769230769
"237","Loir-et-Cher","41","Fresnes","94","VIVRE ENSEMBLE A FRESNES","",0.469534050179211,0.554327808471455,15,915,2,0.533333333333333
"238","Loire","42","Andrézieux-Bouthéon","5","CHANGEONS DE CAP","LDIV, LDVD",0.401555464592714,0.518624641833811,31,6247,2,0.67741935483871
"239","Loire","42","Rive-de-Gier","186","RIVE DE GIER AUTREMENT","LDVC, LDVD",0.148032479700187,0.300720906282183,33,8386,2,3.15151515151515
"240","Loire","42","Saint-Cyprien","211","ENSEMBLE, REUSSIR SAINT-CYPRIEN","",0.523191094619666,0.606153846153846,21,1829,2,1.9047619047619
"241","Loire","42","Saint-Etienne","218","SAINT-ETIENNE DEMAIN","LDVG, LVEC",0.410875,0.337268919699596,61,88030,2,0.213114754098361
"242","Loire","42","Saint-Galmier","222","SAINT GALMIER AUTREMENT","LDVC, LDVD",0.601075268817204,0.604166666666667,29,4161,2,0.103448275862069
"243","Loire-Atlantique","44","Ancenis-Saint-Géréon","3","TISSONS LES LIENS QUI NOUS RASSEMBLENT","LDVC",0.414940828402367,0.586353411647088,37,8183,2,4.59459459459459
"244","Loire-Atlantique","44","Bouguenais","20","BOUGUENAIS EN COMMUN-S","LDVG, LUG, LVEC",0.470654627539503,0.582171608089535,34,14364,3,0.970588235294118
"245","Loire-Atlantique","44","La Baule-Escoublac","55","ENSEMBLE POUR LA BAULE-ESCOUBLAC","LDVD, LREM",0.417761019373293,0.414747886913436,35,15563,2,0.628571428571429
"246","Loire-Atlantique","44","Montoir-de-Bretagne","103","C@P MONTOIR - LISTE DIVERS GAUCHE","LDVG",0.4293659621802,0.631768953068592,29,4978,2,0.0344827586206897
"247","Loire-Atlantique","44","Nantes","109","Nantes en confiance","LUG, LVEC",0.596745691540548,0.509444904722452,69,190746,2,0.159420289855072
"248","Loire-Atlantique","44","Rezé","143","POUR REZE, L'HUMAIN ET LA PLANETE D'ABORD","LUG, LVEC",0.227281825460368,0.319678061132212,45,30217,2,0.911111111111111
"249","Loire-Atlantique","44","Rezé","143","REZÉ CITOYENNE","LDVG, LEXG",0.606184947958367,0.433441852052812,45,30217,2,2.55555555555556
"250","Loire-Atlantique","44","Saint-Brevin-les-Pins","154","AVEC VOUS POUR SAINT BREVIN","LDVC, LDVD",0.122725434694703,0.29541701073493,33,11475,2,1.72727272727273
"251","Loire-Atlantique","44","Saint-Nazaire","184","SAINT-NAZAIRE, SOLIDAIRE ET ECOLOGISTE","LDVG, LECO",0.428477344573235,0.312068048910154,51,50165,2,0.294117647058824
"252","Loiret","45","Briare","53","BRIARE, CANAL D'AVENIR","LDVC, LVEC",0.335774647887324,0.366593164277839,31,4007,2,0.67741935483871
"253","Loiret","45","Orléans","234","ORLEANS SOLIDAIRE ECOLOGIQUE","LUG, LVEC",0.317241684751318,0.32136566860859,55,62896,2,0.163636363636364
"254","Loiret","45","Pithiviers","252","CREONS UN AVENIR POUR PITHIVIERS","LDIV, LDVD",0.29294403892944,0.379699248120301,31,4342,2,3.80645161290323
"255","Lot","46","Lalbenque","148","IMAGINER LALBENQUE ENSEMBLE","",0.537239324726912,0.595588235294118,21,1455,2,0
"256","Lot-et-Garonne","47","Marmande","157","100% MARMANDE","LDIV, LDVC",0.453804347826087,0.49959661153691,35,12395,2,1.05714285714286
"257","Maine-et-Loire","49","Bouchemaine","35","CONFLUENCES","LDIV",0.445670921007244,0.505424616535728,31,5387,2,0.516129032258065
"258","Maine-et-Loire","49","Cholet","99","CHOLET AUTREMENT","LDVD, LDVG, LREM",0.460435435435435,0.457278952069068,45,36749,3,1.26666666666667
"259","Manche","50","Granville","218","ensemble, vivons Granville","LDVC, LDVG",0.500328299409061,0.555127587867116,35,9928,2,0.142857142857143
"260","Manche","50","Saint-Sauveur-Villages","550","Tous acteurs pour nos villages","LDIV",0.570889894419306,0.541930379746835,29,2607,2,2.10344827586207
"261","Marne","51","Vitry-le-François","649","VITRY EN MOUVEMENT","LDIV",0.398424117848578,0.433777154870357,35,7203,2,2.57142857142857
"262","Martinique","Martinique","Ducos","207","ANNOU SANBLE POU VANSE","LDVG, LREG, LUDI",0.32862509391435,0.415919068524528,33,13077,3,2.60606060606061
"263","Martinique","Martinique","Le Diamant","206","LIANNAJ POUR LE DIAMANT","LDVG",0.515078407720145,0.538275862068965,30,5210,2,0.366666666666667
"264","Martinique","Martinique","Le Marigot","216","UNION POUR LA PROMOTION ET L'ANIMATION DE MARIGOT","",0.271549576482312,0.308634772462077,25,3214,2,0.08
"265","Martinique","Martinique","Le Marin","217","DYNAMIQUE MARINOISE","LDVG",0.52992737290258,0.428121420389462,31,6760,2,0.67741935483871
"266","Martinique","Martinique","Saint-Joseph","224","L'UNION POUR LA REUSSITE DE SAINT-JOSEPH","LDIV, LDVG",0.181017986988136,0.303923844903645,33,12090,3,6.75757575757576
"267","Mayenne","53","Laval","130","Demain Laval Ensemble","LDVG, LECO",0.534395120298204,0.513922463962754,43,30317,2,0
"268","Mayotte","Mayotte","Acoua","601","MOUVEMENT POUR LE DEVELOPPEMENT DE MAYOTTE - MOUVEMENT DE LA COMMUNE D'ACOUA","LDVC, LLR",0.547692307692308,0.59058487874465,29,2969,2,1.31034482758621
"269","Mayotte","Mayotte","Bandraboua","602","LR ET COALITION CITOYENNE","LDVC, LDVG, LLR",0.462552873849216,0.353768577494692,35,4942,3,3
"270","Mayotte","Mayotte","Bouéni","604","MOUVEMENT POUR LE RENOUVEAU DU GRAND SUD","LDIV, LDVC, LDVD",0.44834418341353,0.535692116697703,31,4044,3,3.58064516129032
"271","Mayotte","Mayotte","Chiconi","605","MITANDREGNY RO METI RAHINA","LDIV, LLR",0.200721821210439,0.340030441400304,30,4748,2,0.533333333333333
"272","Mayotte","Mayotte","Chirongui","606","LES REPUBLICAINS ""LA FORCE D'ACTION""","LDIV, LDVD, LLR",0.509508716323296,0.582171893147503,31,4606,3,1.25806451612903
"273","Mayotte","Mayotte","Dembeni","607","LA RENAISSANCE 2020","LDVD",0.175671503550479,0.347101932045303,33,4077,3,0.575757575757576
"274","Mayotte","Mayotte","Kani-Kéli","609","MAZAVA DIA","LDIV, LDVD",0.256887298747764,0.310158362302047,31,3674,2,3.06451612903226
"275","Mayotte","Mayotte","Kani-Kéli","609","ENSEMBLE TOUT EST POSSIBLE/FAMPITIA","LDVC, LDVD",0.3695885509839,0.366937041328698,31,3674,2,2.45161290322581
"276","Mayotte","Mayotte","Koungou","610","POUR UN ELAN CITOYEN","LDVC",0.0654133402008756,0.219915848527349,41,5956,2,0.170731707317073
"277","Mayotte","Mayotte","Koungou","610","WALEZI WA KOUNGOU","LDVD, LLR",0.182333247489055,0.272089761570827,39,5956,2,0.153846153846154
"278","Mayotte","Mayotte","M'Tsangamouji","613","TIFAKI MOJA","LDVC, LDVG",0.489390828199863,0.42725258493353,29,4013,2,2.75862068965517
"279","Mayotte","Mayotte","Mamoudzou","611","LE RASSEMBLEMENT EN MARCHE","LDVC",0.340618913655053,0.258747044917258,51,14792,2,2.23529411764706
"280","Mayotte","Mayotte","Mamoudzou","611","MAMOUDZOU C'EST NOUS","LDIV, LDVC",0.245617831638174,0.238888888888889,51,14792,3,0.156862745098039
"281","Mayotte","Mayotte","Mamoudzou","611","REUSSIR ENSEMBLE","LDIV, LDVC, LLR",0.413763254706773,0.379078014184397,51,14792,3,0.254901960784314
"282","Mayotte","Mayotte","Mtsamboro","612","MOUVEMENT POUR LE DEVELOPPEMENT DE MTSAMBORO EN MARCHE","LDIV, LREM",0.233694344163658,0.234193888303477,31,5509,2,1.45161290322581
"283","Mayotte","Mayotte","Ouangani","614","MDM Mouvement pour le développement de Mayotte","LDVC",0.521881838074398,0.609552691432904,33,3448,2,3.24242424242424
"284","Mayotte","Mayotte","Pamandzi","615","TOUS UNIS POUR L'AVENIR DE PAMANDZI","LDIV, LDVC, LLR",0.249414519906323,0.393762993762994,33,4132,3,1.87878787878788
"285","Mayotte","Mayotte","Sada","616","LE TEMPS D'AGIR","LDVC, LDVG",0.310212381382738,0.381683049628387,33,5404,2,2.21212121212121
"286","Mayotte","Mayotte","Tsingoni","617","MOUVEMENT POUR LE DEVELOPPEMENT DE MAYOTTE","LDVC, LDVD",0.327522935779817,0.374404356705242,35,4011,2,1.42857142857143
"287","Mayotte","Mayotte","Tsingoni","617","LR ""TOUJOURS UNIS POUR CONSOLIDER L'AVENIR""","LDVC, LLR",0.364831804281346,0.365895166780123,35,4011,2,2.6
"288","Meurthe-et-Moselle","54","Frouard","215","FROUARDYNAMIC'","LDIV, LDVG",0.319686935580975,0.373708381171068,31,4651,2,3.45161290322581
"289","Meurthe-et-Moselle","54","Homécourt","263","HOMECOURT, DYNAMIQUE ET CITOYENNE - UN NOUVEL ELAN","LDIV, LDVG",0.357055214723926,0.402387640449438,31,3992,2,0.0967741935483871
"290","Meurthe-et-Moselle","54","Laxou","304","Avec vous pour Laxou","LDVD, LDVG",0.495257257832711,0.559666975023127,35,8187,2,4.17142857142857
"291","Meurthe-et-Moselle","54","Nancy","395","MATHIEU KLEIN - NANCY EN GRAND","LDVG, LVEC",0.545354826402137,0.481301257517769,57,50925,2,0
"292","Meurthe-et-Moselle","54","Réhon","451","ENSEMBLE POUR L'AVENIR DE REHON","LDIV",0.391050583657588,0.504634397528321,27,2517,2,1.96296296296296
"293","Meurthe-et-Moselle","54","Val de Briey","99","Avec vous pour vous","LDVD, LDVG",0.467002518891688,0.597754911131899,35,6128,2,2.82857142857143
"294","Meuse","55","Euville","184","CONSTRUISONS ENSEMBLE","",0.423267326732673,0.507692307692308,19,1297,2,2.26315789473684
"295","Meuse","55","Saint-Mihiel","463","SAINT-MIHIEL PASSIONNEMENT","LDVD",0.438095238095238,0.508256880733945,29,2365,2,0.379310344827586
"296","Morbihan","56","Auray","7","NOTRE ENERGIE POUR AURAY","LDIV, LDVD, LREM",0.168230416757582,0.311739885827749,35,9788,3,0.0285714285714286
"297","Morbihan","56","Languidic","101","Nouvel élan et perspectives","LDIV",0.569350473612991,0.630806010928962,31,6227,2,1.80645161290323
"298","Morbihan","56","Locmiquélic","118","Avec et pour Locmiquélic","LDIV",0.417910447761194,0.465078505684894,27,3322,2,0.666666666666667
"299","Morbihan","56","Saint-Pierre-Quiberon","234","Saint-Pierre Quiberon, Parlons Vrai","",0.21970802919708,0.364510489510489,19,2364,2,1.68421052631579
"300","Moselle","57","Audun-le-Tiche","38","VOTRE VILLE VOUS APPARTIENT","LDIV, LECO",0.389126450824679,0.585149863760218,29,4197,2,0.103448275862069
"301","Moselle","57","Guénange","269","GUENANGE VIVONS NOTRE VILLE","LDVC, LDVG",0.36052968816745,0.479039095619406,31,5892,2,1.38709677419355
"302","Moselle","57","Longeville-lès-Saint-Avold","413","Longeville réussir ensemble","LDVD",0.402730375426621,0.500711237553343,29,2843,2,0.344827586206897
"303","Moselle","57","Lorry-lès-Metz","415","LORRY-LES-METZ-PRESERVER-RASSEMBLER-DEVELOPPER","",0.532646048109966,0.612648221343874,21,1556,2,0.571428571428571
"304","Moselle","57","Metz","463","UTILE POUR METZ","LDVC, LLR",0.451308664259928,0.359529587455665,57,69828,2,1.75438596491228
"305","Moselle","57","Saint-Avold","606","Saint Avold Ensemble","LDIV, LDVD, LUC",0.581319280392513,0.436184335293002,35,12119,3,3.62857142857143
"306","Moselle","57","Saint-Avold","606","AIMER SAINT-AVOLD","LDVC, LLR",0.418680719607487,0.519438649725014,35,12119,2,1.85714285714286
"307","Moselle","57","Saint-Julien-lès-Metz","616","MIEUX VIVRE ST JULIEN","",0.504608294930876,0.621072088724584,25,2707,2,0
"308","Moselle","57","Thionville","672","THIONVILLE-CITOYENS","LDVG, LVEC",0.268802802390274,0.324579124579125,45,25781,2,0
"309","Nord","59","Armentières","17","AIMER ARMENTIÈRES ET AGIR","LCOM, LUG",0.518434055492208,0.548780487804878,37,17182,2,1.37837837837838
"310","Nord","59","Aubry-du-Hainaut","27","Aubry, aujourd'hui ... pour demain","",0.528776978417266,0.595898673100121,21,1201,2,0
"311","Nord","59","Bailleul","43","BAILLEUL REUSSIR ENSEMBLE","LDVD, LDVG, LECO",0.224181360201511,0.358190954773869,35,10962,3,0.2
"312","Nord","59","Bailleul","43","BAILLEULOISES, BAILLEULOIS","LDIV",0.503003293935284,0.407437185929648,35,10962,2,3.22857142857143
"313","Nord","59","Beuvry-la-Forêt","80","ASSUREMENT POUR BEUVRY LA FORET en Pévèle","",0.491708723864456,0.583333333333333,25,2259,2,1.64
"314","Nord","59","Forest-sur-Marque","247","FOREST...DEMAIN","",0.537037037037037,0.644699140401146,17,1224,2,0
"315","Nord","59","Hautmont","291","ECOUTER, RASSEMBLER ET AGIR POUR HAUTMONT","LDVD, LFI",0.529601722282024,0.532383419689119,35,9547,2,3.57142857142857
"316","Nord","59","La Sentinelle","564","LA SENTINELLE LA VILLE DES POSSIBLES","",0.514460999123576,0.596695821185617,25,2095,2,0.16
"317","Nord","59","Maretz","382","ENSEMBLE, GARDONS LE CAP !","",0.355633802816901,0.400709219858156,15,939,2,1.73333333333333
"318","Nord","59","Marly","383","UNE NOUVELLE ENERGIE POUR MARLY","LDVD, LDVG",0.535505836575875,0.582237803096699,35,8534,3,1.22857142857143
"319","Nord","59","Roubaix","512","ROUBAIX EN COMMUN","LDVG, LUG, LVEC",0.43791358505255,0.353157267672756,55,46691,4,5.32727272727273
"320","Nord","59","Santes","553","ENERGIESANTES - VOUS ETES AU COEUR DE NOS PROJETS","LDVC",0.496769289243634,0.515831663326653,31,4733,2,0
"321","Nord","59","Seclin","560","AVEC FRANCOIS-XAVIER CADART","LDVD, LDVG",0.528601447583469,0.507492507492508,35,8552,2,0.885714285714286
"322","Nord","59","Villeneuve-d'Ascq","9","VILLENEUVE D'ASCQ CITOYENNE ECOLO SOLIDAIRE ...","LFI, LVEC",0.296443785886275,0.274041585445094,51,39200,2,0.745098039215686
"323","Nord","59","Wasquehal","646","UNIS POUR WASQUEHAL","LDVD, LREM",0.270025585514662,0.296124307912127,37,15310,2,2.02702702702703
"324","Nouvelle-Calédonie","988","Kaala-Gomen","810","UNION CALEDONIENNE BWAPANU","",0.482019892884468,0.530343007915567,21,1697,3,0.523809523809524
"325","Nouvelle-Calédonie","988","Koumac","812","CONSTRUISONS ENSEMBLE KOUMAC","LDIV, LREG",0.489130434782609,0.565905096660808,29,3044,3,0.551724137931034
"326","Nouvelle-Calédonie","988","La Foa","813","GENERATIONS LA FOA","LDIV, LDVC",0.4685953559193,0.493527508090615,29,3345,2,0.103448275862069
"327","Nouvelle-Calédonie","988","Maré","815","UC-FLNKS NENGONE","LREG",0.505520979722947,0.5322257806245,29,6864,3,0.241379310344828
"328","Nouvelle-Calédonie","988","Païta","821","L'EVEIL DE PAïTA","LDIV, LDVC, LLR",0.301376720901126,0.360554885404101,35,14809,3,1.31428571428571
"329","Nouvelle-Calédonie","988","Voh","831","ENSEMBLE VOOK","",0.336949969861362,0.352411575562701,25,2417,2,1.8
"330","Oise","60","Avrechy","34","ENSEMBLE POUR NOTRE COMMUNE","",0.496296296296296,0.492779783393502,15,854,2,0.866666666666667
"331","Oise","60","Creil","175","ENSEMBLE ALLONS PLUS LOIN","LDVG, LVEC",0.51397701937918,0.43858146308035,41,15999,2,0.195121951219512
"332","Oise","60","Le Plessis-Belleville","500","Ensemble, nous relèverons les plus beaux défis","",0.467128027681661,0.537968892955169,25,2432,2,0.56
"333","Oise","60","Verberie","667","VERBERIE A COEUR","LDIV, LDVD",0.465846994535519,0.535923753665689,29,2833,2,0
"334","Paris","75","Paris 10eme secteur","Paris 10eme secteur","Anne HIDALGO Paris en commun","LUG, LVEC",0.67941333075173,0.568099918099918,23,55799,2,0
"335","Paris","75","Paris 11eme secteur","Paris 11eme secteur","ANNE HIDALGO, PARIS EN COMMUN","LUG, LVEC",0.667316363636364,0.564613723668684,33,92080,2,0
"336","Paris","75","Paris 12eme secteur","Paris 12eme secteur","ANNE HIDALGO, PARIS EN COMMUN","LUG, LVEC",0.549761498144986,0.453426480372588,30,91594,2,0
"337","Paris","75","Paris 12eme secteur","Paris 12eme secteur","Ensemble pour Paris avec Agnès Buzyn","LDVC, LUC",0.12222483952653,0.244434208506065,30,91594,2,0.566666666666667
"338","Paris","75","Paris 13eme secteur","Paris 13eme secteur","ANNE HIDALGO, PARIS EN COMMUN","LUG, LVEC",0.638751744123645,0.506540431759971,39,110349,2,0
"339","Paris","75","Paris 14eme secteur","Paris 14eme secteur","ANNE HIDALGO, PARIS EN COMMUN","LUG, LVEC",0.479072174363033,0.441263679982748,30,85494,2,0
"340","Paris","75","Paris 15eme secteur","Paris 15eme secteur","Engagés pour changer Paris avec Rachida Dati","LDVD, LUD",0.535327402002755,0.441183715698028,55,143113,2,1.76363636363636
"341","Paris","75","Paris 15eme secteur","Paris 15eme secteur","ANNE HIDALGO, PARIS EN COMMUN","LUG, LVEC",0.351766370100138,0.276238648120474,56,143113,2,0.0178571428571429
"342","Paris","75","Paris 17eme secteur","Paris 17eme secteur","ANNE HIDALGO - PARIS EN COMMUN","LUG, LVEC",0.310479406554473,0.259156663588797,38,100555,2,0.184210526315789
"343","Paris","75","Paris 18eme secteur","Paris 18eme secteur","ANNE HIDALGO, PARIS EN COMMUN","LUG, LVEC",0.620628973660309,0.488178449125111,45,107897,2,0
"344","Paris","75","Paris 19eme secteur","Paris 19eme secteur","ANNE HIDALGO, PARIS EN COMMUN","LUG, LVEC",0.678767229363481,0.560172564380806,42,106151,2,0.0238095238095238
"345","Paris","75","Paris 1er secteur","Paris 1er secteur","ANNE HIDALGO, PARIS EN COMMUN","LUG, LVEC",0.53323810994441,0.441099388481957,24,65595,2,0
"346","Paris","75","Paris 20eme secteur","Paris 20eme secteur","ANNE HIDALGO, PARIS EN COMMUN","LUG, LVEC",0.569571788413098,0.495483552040266,42,115778,2,0
"347","Paris","75","Paris 5eme secteur","Paris 5eme secteur","Ensemble pour Paris avec Agnès Buzyn","LUC, LUD",0.519184725888637,0.457688132106737,14,37383,2,0
"348","Paris","75","Paris 5eme secteur","Paris 5eme secteur","ANNE HIDALGO, PARIS EN COMMUN","LUG, LVEC",0.480815274111363,0.368264670590252,14,37383,2,0
"349","Paris","75","Paris 6eme secteur","Paris 6eme secteur","ANNE HIDALGO, PARIS EN COMMUN","LUG, LVEC",0.328903327426659,0.262689148292261,13,26450,2,0
"350","Paris","75","Paris 8eme secteur","Paris 8eme secteur","ANNE HIDALGO PARIS EN COMMUN","LUG, LVEC",0.190319655406937,0.159152739992227,13,24676,2,0
"351","Paris","75","Paris 9eme secteur","Paris 9eme secteur","ANNE HIDALGO PARIS EN COMMUN","LUG, LVEC",0.394864549419498,0.346392552366175,14,39666,2,0
"352","Pas-de-Calais","62","Aix-Noulette","19","AGIR POUR AIX-NOULETTE","LDIV, LDVD, LDVG",0.458121827411168,0.537568306010929,29,2914,3,1.62068965517241
"353","Pas-de-Calais","62","Conchil-le-Temple","233","Ensemble pour Conchil","",0.444444444444444,0.59567387687188,17,984,2,0
"354","Pas-de-Calais","62","Houdain","457","Vivre,mieux vivre, mieux vivre ensemble","LDIV, LDVG",0.408610567514677,0.502076411960133,31,5319,3,0.67741935483871
"355","Pas-de-Calais","62","Lapugnoy","489","Lapugnoy, c'est vous !","",0.194312796208531,0.293323863636364,23,2829,2,0.0434782608695652
"356","Pas-de-Calais","62","Le Touquet-Paris-Plage","826","Ensemble au Touquet-Paris-Plage","LDVD, LREM",0.489524933608734,0.61719298245614,29,5263,3,0.0344827586206897
"357","Pas-de-Calais","62","Marles-les-Mines","555","Marles en avant","LDIV, LRN",0.451250638080653,0.463711911357341,29,3936,2,0.206896551724138
"358","Pas-de-Calais","62","Thélus","810","Mieux vivre Thélus","",0.474576271186441,0.568471337579618,15,1052,2,0.0666666666666667
"359","Pas-de-Calais","62","Wingles","895","OSONS DEMAIN POUR MA VILLE QUE J'AIME AU QUOTIDIEN","LDVG",0.180426902939992,0.304925723221267,31,6177,2,0.483870967741935
"360","Polynésie française","Polynésie française","Arue","712","ARUE IA PAPA'OA","LDVD, LVEC",0.473333333333333,0.428484848484848,33,6792,2,1.75757575757576
"361","Polynésie française","Polynésie française","Maupiti","728","MATARI'I I NI'A NO MAURUA","",0.277237354085603,0.247524752475248,15,1085,2,0.466666666666667
"362","Polynésie française","Polynésie française","Papara","734","AMUITAHIRAA NO PAPARA","LDVD",0.169186602870813,0.19549342791571,33,8572,2,3.03030303030303
"363","Polynésie française","Polynésie française","Uturoa","758","UTUROA A TI'A","LDVD, LDVG",0.501816860465116,0.598816568047337,29,3421,3,0.551724137931034
"364","Puy-de-Dôme","63","Beaumont","32","ID pour Beaumont 2020","LDVG, LUG",0.304521685635189,0.37248322147651,35,7748,2,0.4
"365","Puy-de-Dôme","63","Ceyrat","70","CEYRAT BOISSEJOUR 2020 ""redonner confiance""","LDVD, LDVG",0.620779220779221,0.684891485809683,31,5055,2,1.12903225806452
"366","Puy-de-Dôme","63","Clermont-Ferrand","113","RÉVÉLER CLERMONT","LLR, LUC",0.365001416564359,0.362868638634655,57,71838,2,0.298245614035088
"367","Puy-de-Dôme","63","Mur-sur-Allier","226","UNE NOUVELLE EQUIPE POUR UNE NOUVELLE COMMUNE","",0.553763440860215,0.62124248496994,29,2710,2,4.82758620689655
"368","Puy-de-Dôme","63","Riom","300","RIOM COLLECTIVEMENT","LDVG, LUG",0.494059230359993,0.509761388286334,35,12214,2,0
"369","Puy-de-Dôme","63","Thiers","430","ENSEMBLE POUR THIERS 2020","LUG, LVEC",0.185634052616021,0.259756097560976,33,8010,2,0.121212121212121
"370","Pyrénées-Atlantiques","64","Bayonne","102","Bayonne Ville Ouverte","LDVG, LUG",0.46189804852712,0.409710811698981,47,32138,2,0.0851063829787234
"371","Pyrénées-Atlantiques","64","Biarritz","122","BIARRITZ NOUVELLE VAGUE","LDVC, LREG",0.262954522936689,0.285618053216571,37,22559,2,0.0540540540540541
"372","Pyrénées-Atlantiques","64","Biarritz","122","Biarritz Ensemble","LDVD, LMDM",0.087387298127415,0.228022903334456,35,22559,2,3.05714285714286
"373","Pyrénées-Atlantiques","64","Boucau","140","BOUCAU AVENIR DURABLE ET SOLIDAIRE","LDVG, LUG",0.489673300788584,0.589035769828927,29,5829,2,1.27586206896552
"374","Pyrénées-Atlantiques","64","Hendaye","260","HENDAYE AVEC VOUS","LCOM, LREG, LSOC",0.551015697137581,0.672888250777698,35,9555,3,0.971428571428571
"375","Pyrénées-Atlantiques","64","Pau","445","PAU RASSEMBLÉ","LDVG, LFI, LVEC",0.445317577548006,0.419739009248701,51,45882,3,2.3921568627451
"376","Pyrénées-Atlantiques","64","Saint-Pée-sur-Nivelle","495","ENSEMBLE POUR SAINT PEE / ELGARREKIN SENPERERENTZAT","LDIV, LREG",0.513024823781796,0.579837856891082,31,5113,2,1.38709677419355
"377","Pyrénées-Orientales","66","Claira","50","CLAIRA C'EST VOUS !","LDIV",0.429633300297324,0.511258955987718,29,3431,2,2.89655172413793
"378","Pyrénées-Orientales","66","Elne","65","VOIR, VOULOIR, OSER POUR ELNE","LDIV",0.459518599562363,0.511380005762028,31,6904,2,3.16129032258065
"379","Pyrénées-Orientales","66","Vernet-les-Bains","222","POUR VERNET-LES-BAINS, UNE DYNAMIQUE D'AVENIR","",0.434135166093929,0.50250626566416,15,1255,2,1.26666666666667
"380","Rhône","69","Brignais","27","PARLONS BRIGNAIS 2020","LDVC, LDVD",0.457387201415512,0.449244712990937,35,8943,2,1.85714285714286
"381","Rhône","69","Bron","29","BRON 2020 PROTEGER RESPIRER","LLR, LUC",0.512290927521541,0.490290005178664,45,22583,2,0.733333333333333
"382","Rhône","69","Charbonnières-les-Bains","44","Ensemble Charbo 2020","LDVD",0.331587218438973,0.337310195227766,31,4381,2,1.29032258064516
"383","Rhône","69","Charly","46","AIMER CHARLY AVEC OLIVIER ARAUJO","LDIV, LDVD",0.529081632653061,0.623051224944321,29,3819,2,0.310344827586207
"384","Rhône","69","Chassieu","271","Droite et Centre unis pour Chassieu","LDVG, LLR",0.420897477890599,0.486444375194765,35,7912,2,0.0857142857142857
"385","Rhône","69","Collonges-au-Mont-d'Or","63","COLLONGES 2020","LDVD",0.405233380480905,0.536661466458658,29,3352,2,0.241379310344828
"386","Rhône","69","Condrieu","64","AVENIR CONDRIEU","LDVD, LDVG",0.523283346487766,0.459323254139669,27,2733,2,2.33333333333333
"387","Rhône","69","Francheville","89","Demain Francheville Respire","LDVC, LVEC",0.491176470588235,0.569741140990198,35,9685,2,0.0571428571428571
"388","Rhône","69","Givors","91","UN AVENIR POUR GIVORS","LDIV, LDVC",0.17468410551984,0.279553130683294,35,11028,2,0.371428571428571
"389","Rhône","69","Lyon 1er secteur","Lyon 1er secteur","Maintenant Lyon pour tous Les écologistes avec Grégory Doucet","LDVG, LUG, LVEC",1,0.668886043533931,16,17266,3,0.25
"390","Rhône","69","Lyon 2eme secteur","Lyon 2eme secteur","Maintenant Lyon pour tous Les écologistes avec Grégory Doucet","LDVG, LVEC",0.449045011353012,0.295344895031947,15,18416,2,0.0666666666666667
"391","Rhône","69","Lyon 2eme secteur","Lyon 2eme secteur","Bleu Blanc Lyon Étienne Blanc, Union de la droite, des Républicains et du centre","LDVC, LLR, LUC",0.550954988646988,0.528100143434607,17,18416,3,0.470588235294118
"392","Rhône","69","Lyon 3eme secteur","Lyon 3eme secteur","Bleu Blanc Lyon Etienne Blanc, Union de la droite, des Républicains et du centre","LLR, LUC",0.298110499880411,0.329976835437054,38,54261,2,0.921052631578947
"393","Rhône","69","Lyon 3eme secteur","Lyon 3eme secteur","Maintenant Lyon pour tous Les écologistes avec Grégory Doucet","LDVG, LUG, LVEC",0.499497727816312,0.46187302037536,38,54261,3,0.342105263157895
"394","Rhône","69","Lyon 4eme secteur","Lyon 4eme secteur","Maintenant Lyon pour tous les écolgistes avec Grégory Doucet","LDVG, LUG, LVEC",0.538856015779093,0.521945903101159,16,23431,3,0.125
"395","Rhône","69","Lyon 5eme secteur","Lyon 5eme secteur","UN TEMPS D'AVANCE AVEC YANN CUCHERAT","LLR, LUC",0.317434982630739,0.37970137970138,26,28244,2,0.923076923076923
"396","Rhône","69","Lyon 5eme secteur","Lyon 5eme secteur","Maintenant Lyon pour tous Les écologistes avec Grégory Doucet","LDVG, LVEC",0.411322880480706,0.301833301833302,24,28244,2,0.208333333333333
"397","Rhône","69","Lyon 6eme secteur","Lyon 6eme secteur","Bleu Blanc Lyon Étienne Blanc, Union de la droite, des Républicains et du centre","LLR, LUC",0.500237341772152,0.47923790913532,27,31688,2,0.185185185185185
"398","Rhône","69","Lyon 7eme secteur","Lyon 7eme secteur","Maintenant Lyon pour tous les écologistes avec Grégory Doucet","LDVG, LUG, LVEC",0.61014092104376,0.541647906348492,27,39972,3,0.259259259259259
"399","Rhône","69","Lyon 7eme secteur","Lyon 7eme secteur","UN TEMPS D'AVANCE AVEC YANN CUCHERAT","LLR, LUC",0.201941878497741,0.251817070817521,27,39972,2,0.518518518518518
"400","Rhône","69","Lyon 8eme secteur","Lyon 8eme secteur","Un temps d'avance avec Yann Cucherat","LLR, LUC",0.283692418642387,0.320965209486819,38,38973,2,1
"401","Rhône","69","Lyon 8eme secteur","Lyon 8eme secteur","Maintenant Lyon pour tous Les écologistes avec Grégory Doucet","LDVG, LUG, LVEC",0.498783016316596,0.442194859928931,36,38973,3,0.166666666666667
"402","Rhône","69","Lyon 9eme secteur","Lyon 9eme secteur","Maintenant lyon pour tous Les écologistes avec Grégory Doucet","LDVG, LUG, LVEC",0.632304578800911,0.470477975632615,29,26166,3,0.206896551724138
"403","Rhône","69","Meyzieu","282","MIEUX VIVRE A MEYZIEU","LDVC, LVEC",0.358608742004264,0.315868467730932,41,21890,2,2.53658536585366
"404","Rhône","69","Meyzieu","282","REAGIR POUR MEYZIEU","LDVC, LREM",0.195628997867804,0.275890298812935,41,21890,2,4.21951219512195
"405","Rhône","69","Mions","283","MIONS VILLE DE PARTAGE","LDVC, LDVG, LECO",0.414679385267621,0.517918768250597,34,9392,3,0.0588235294117647
"406","Rhône","69","Oullins","149","LE TEMPS D'AGIR","LUG, LVEC",0.486828052687789,0.418136020151133,37,16900,2,0
"407","Rhône","69","Saint-Fons","199","SAINT-FONS LA CITOYENNE","LDVG, LUG",0.516797054763,0.519866164784609,33,8590,2,0.121212121212121
"408","Rhône","69","Saint-Genis-Laval","204","Saint-Genis Verte et Solidaire","LUG, LVEC",0.177765843179377,0.223427331887202,35,14629,2,0
"409","Rhône","69","Sathonay-Camp","292","NOUS SATHONAY","LDVC, LDVG",0.513234344738541,0.593316519546028,31,3822,2,0.451612903225806
"410","Rhône","69","Vaulx-en-Velin","256","AGIR POUR VAULX-EN-VELIN","LDIV, LDVD",0.140097490521755,0.175243861419442,45,23462,2,0.466666666666667
"411","Rhône","69","Vénissieux","259","Nous, Vénissieux !","LDIV, LDVC",0.355667300896983,0.262818170746559,49,29602,2,2.18367346938776
"412","Rhône","69","Vénissieux","259","Les Vénissians rassemblés pour une ville humaine solidaire et cotoyenne","LCOM, LVEC",0.400244631693395,0.38655462184874,49,29602,2,1.55102040816327
"413","Rhône","69","Villeurbanne","266","CVS2020 VILLEURBANNE EN COMMUN","LSOC, LVEC",0.703779417630634,0.607778989458379,57,83978,2,5.01754385964912
"414","Saône-et-Loire","71","Charnay-lès-Mâcon","105","SERVIR CHARNAY","LDVD",0.266136162687887,0.33670653173873,29,5763,2,0
"415","Saône-et-Loire","71","Montceau-les-Mines","306","Montceau 2020 la gauche unie","LDVG, LUG",0.435653002859867,0.432320083138478,35,11360,2,2.25714285714286
"416","Sarthe","72","Le Mans","181","Le Mans Evidemment","LSOC, LVEC",0.631428067389962,0.519797049119094,55,89780,2,0.854545454545454
"417","Sarthe","72","Yvré-l'Evêque","386","Avec Vous Yvré Durablement","LDVG",0.531718569780854,0.592504461629982,29,3581,2,2.86206896551724
"418","Savoie","73","Bourg-Saint-Maurice","54","AGIR DANS LA CONTINUITÉ","LDIV, LDVD",0.374458874458874,0.541477507222451,29,5092,2,1.3448275862069
"419","Savoie","73","Chambéry","65","CHAMBERY EN COMMUN","LDVG, LVEC",0.527505227601737,0.450991501416431,47,32373,2,0.0212765957446809
"420","Savoie","73","Valloire","306","VALLOIRE 2020","",0.47810650887574,0.575425790754258,17,1074,2,0.823529411764706
"421","Seine-et-Marne","77","Avon","14","REVEILLONS AVON","LCOM, LDVG, LVEC",0.397779833487512,0.408187134502924,33,8485,3,0.424242424242424
"422","Seine-et-Marne","77","Bussy-Saint-Georges","58","ECRIRE ENSEMBLE UN MEILLEUR BUSSY","LECO, LLR, LREM",0.321228424120152,0.38654959090002,37,15474,3,0.243243243243243
"423","Seine-et-Marne","77","Melun","288","BIEN VIVRE À MELUN","LDVG, LUG",0.302698760029176,0.330560887182768,45,18368,2,2.8
"424","Seine-et-Marne","77","Moret-Loing-et-Orvanne","316","L'AVENIR, MAINTENANT !","LDVG",0.501105379513633,0.628208520772691,37,9590,2,0.351351351351351
"425","Seine-et-Marne","77","Ozoir-la-Ferrière","350","POUR OZOIR","LDIV, LREM",0.3844604799463,0.446808510638298,37,14436,2,0.108108108108108
"426","Seine-et-Marne","77","Pomponne","372","ENSEMBLE POUR POMPONNE","LDVC, LDVD",0.215017064846416,0.324248120300752,29,2479,2,0.827586206896552
"427","Seine-et-Marne","77","Vaux-le-Pénil","487","VAUX-LE-PENIL, NOTRE AVENIR ENSEMBLE","LDVG",0.578728236184709,0.66361478467277,35,8404,2,3.54285714285714
"428","Seine-et-Marne","77","Vert-Saint-Denis","495","MIEUX VIVRE A VERT-SAINT-DENIS","LDVD",0.419249592169657,0.44304435483871,29,5601,2,0.172413793103448
"429","Seine-et-Marne","77","Villiers-sur-Morin","521","VILLIERS COMME NOUS L'AIMONS","",0.45583596214511,0.57984496124031,21,1381,2,0.19047619047619
"430","Seine-Maritime","76","Bois-Guillaume","108","MARIE GUGUIN BOIS-GUILLAUME ET VOUS","LDVD, LMDM",0.402169001355626,0.405289492494639,33,10311,2,2.21212121212121
"431","Seine-Maritime","76","Eu","255","AGIR POUR EU.X","LDVC",0.334261838440111,0.416635017090771,29,5740,2,3.86206896551724
"432","Seine-Maritime","76","Le Mesnil-Esnard","429","VIVRE AUTREMENT MESNIL-ESNARD","LDIV",0.208333333333333,0.265961773078487,31,6113,2,1.48387096774194
"433","Seine-Maritime","76","Le Trait","709","LE TRAIT MA VILLE DEMAIN","LDIV, LDVG",0.336065573770492,0.374174174174174,27,3779,2,3.48148148148148
"434","Seine-Maritime","76","Mont-Saint-Aignan","451","MONT-SAINT-AIGNAN EN VERT ET AVEC TOUS","LDVG, LUG",0.358974358974359,0.371856162959884,33,12565,2,0.606060606060606
"435","Seine-Maritime","76","Rouen","540","AU COEUR DE ROUEN","LDVC, LDVD",0.328751078781901,0.163063322763525,55,56564,2,0.163636363636364
"436","Seine-Maritime","76","Rouen","540","FIERS DE ROUEN","LUG, LVEC",0.671248921218099,0.526760834054002,55,56564,2,0.0363636363636364
"437","Seine-Saint-Denis","93","Aubervilliers","1","Uni.e.s pour Aubervilliers","LCOM, LDVG",0.240671819830136,0.334374663363137,53,29467,2,0.339622641509434
"438","Seine-Saint-Denis","93","Aubervilliers","1","L'Alternative Citoyenne","LDVG, LSOC",0.313865826891879,0.395992674781859,53,29467,3,1.60377358490566
"439","Seine-Saint-Denis","93","Bagnolet","6","BAGNOLET ECOLOGIQUE ET SOLIDAIRE","LDVG, LSOC",0.555307262569832,0.444592790387183,41,18205,2,0.0731707317073171
"440","Seine-Saint-Denis","93","Bagnolet","6","Un nouveau printemps pour BAGNOLET","LCOM, LVEC",0.444692737430168,0.398012164367305,41,18205,2,0.292682926829268
"441","Seine-Saint-Denis","93","Bobigny","8","POUR BOBIGNY AVEC ABDEL SADI","LCOM, LSOC",0.552766210588935,0.490150032615786,47,22997,2,1.76595744680851
"442","Seine-Saint-Denis","93","Bondy","10","Ensemble Réussissons Bondy","LDVC, LLR",0.503610108303249,0.411657142857143,47,25418,2,0.531914893617021
"443","Seine-Saint-Denis","93","Le Bourget","13","UNE EQUIPE QUI AGIT POUR LE BOURGET","LDIV, LDVD",0.487638839125761,0.56531332744925,35,6106,2,0.342857142857143
"444","Seine-Saint-Denis","93","Le Raincy","62","TOUS POUR LE RAINCY","LDVD, LUC",0.361861460283498,0.370596026490066,35,10196,2,3.88571428571429
"445","Seine-Saint-Denis","93","Le Raincy","62","UNION POUR LE RAINCY","LDVD, LLR",0.134795399839529,0.27364238410596,35,10196,2,1.02857142857143
"446","Seine-Saint-Denis","93","Les Lilas","45","Innovation, Solidarité et Concertation : ensemble pour Les Lilas","LUG, LVEC",0.601779513888889,0.650249953712275,37,14449,2,1.21621621621622
"447","Seine-Saint-Denis","93","Neuilly-sur-Marne","50","Envie de Neuilly","LDVD, LDVG, LREM",0.500395007110128,0.568086479509519,41,18856,3,0.536585365853659
"448","Seine-Saint-Denis","93","Noisy-le-Sec","53","Votez Noisy Votre liste de progrès social, écologique et solidaire","LDVG, LSOC, LVEC",0.536710369487485,0.520325203252032,45,19429,3,0.244444444444444
"449","Seine-Saint-Denis","93","Pierrefitte-sur-Seine","59","Pierrefitte Debout et Insoumise","LCOM, LDVG",0.368834080717489,0.343868179362507,41,11444,2,0.365853658536585
"450","Seine-Saint-Denis","93","Pierrefitte-sur-Seine","59","AVEC MICHEL FOURCADE, PIERREFITTE AU COEUR","LSOC, LVEC",0.51877802690583,0.549972987574284,41,11444,2,0
"451","Seine-Saint-Denis","93","Romainville","63","Autrement","LDVG",0.532672540381791,0.546164630482676,35,15286,2,0.0285714285714286
"452","Seine-Saint-Denis","93","Rosny-sous-Bois","64","LE ROSNY QUE NOUS AIMONS","LDVD, LMDM",0.341073068345796,0.380100311779856,45,23243,2,0
"453","Seine-Saint-Denis","93","Saint-Ouen-sur-Seine","70","A Gauche ! Pour une ville solidaire et écologique","LDVG",0.293886946883792,0.29431621202445,47,24947,2,0.340425531914894
"454","Seine-Saint-Denis","93","Sevran","71","VERS UNE NOUVELLE DYNAMIQUE","LDIV",0.210660825118656,0.222222222222222,47,22446,2,0.936170212765957
"455","Seine-Saint-Denis","93","Villepinte","78","DU DYNAMISME ET DU RENOUVEAU POUR VILLEPINTE","LDVD, LDVG, LREM",0.289334577114428,0.421747437901685,39,19089,4,0.871794871794872
"456","Somme","80","Ailly-sur-Noye","10","ENSEMBLE AGISSONS AUTREMENT","",0.573660714285714,0.644157814871017,25,2131,2,0.96
"457","Tarn","81","Albi","4","Collectif pour Albi-La liste citoyenne et de la gauche rassemblée","LDVG, LVEC",0.398873193435127,0.352378636842532,43,32738,2,0.0232558139534884
"458","Tarn","81","Brens","38","BRENS ENSEMBLE POUR L'AVENIR","",0.515832482124617,0.630769230769231,19,1763,2,1.05263157894737
"459","Tarn","81","Gaillac","99","RÉUSSIR GAILLAC ENSEMBLE","LDVG",0.280042072048383,0.294889502762431,33,10509,2,0.272727272727273
"460","Tarn-et-Garonne","82","La Ville-Dieu-du-Temple","96","ALTERNATIVE THEOPOLITAINE","",0.432372505543237,0.514917127071823,23,1953,2,1.30434782608696
"461","Tarn-et-Garonne","82","Saint-Etienne-de-Tulmont","161","CHANGEONS POUR UN AVENIR DURABLE","LDIV, LDVG",0.183922829581994,0.315863032844165,28,2835,2,0.642857142857143
"462","Val-d'Oise","95","Argenteuil","18","ARGENTEUIL AVEC VOUS !","LDIV, LDVG",0.397601837843895,0.36409608091024,57,53586,2,0.771929824561403
"463","Val-d'Oise","95","Bezons","63","BEZONS VILLE D'AVENIR","LDVC, LDVG",0.356377982340785,0.354471235997722,35,15766,2,2.2
"464","Val-d'Oise","95","Cergy","127","POUR QUE CERGY PROTEGE, RESPIRE, ELEVE","LDVC, LUD",0.416638823922486,0.31182902584493,51,31660,2,0.549019607843137
"465","Val-d'Oise","95","Gonesse","277","GONESSE 2020 VIVRE L'AVENIR","LDVC, LDVG",0.5034516765286,0.482920657870956,37,14562,2,0.189189189189189
"466","Val-d'Oise","95","Gonesse","277","UN NOUVEAU SOUFFLE POUR GONESSE","LDIV, LDVG, LREM",0.4965483234714,0.484547261883246,37,14562,3,2.24324324324324
"467","Val-d'Oise","95","Goussainville","280","ENSEMBLE, CONTINUONS POUR GOUSSAINVILLE","LDVC, LDVG",0.328536847767617,0.399463357370451,41,16332,3,0.780487804878049
"468","Val-d'Oise","95","Louvres","351","Union pour la défense des intêrets communaux","LDIV, LDVC",0.442779291553134,0.503556187766714,35,6370,2,1.08571428571429
"469","Val-d'Oise","95","Mériel","392","VIVRE MERIEL AVEC VOUS","LDIV, LECO",0.339498018494055,0.403236245954693,31,3551,2,0.548387096774194
"470","Val-d'Oise","95","Montigny-lès-Cormeilles","424","AGISSONS POUR MONTIGNY","LDIV, LDVD",0.455097906819716,0.430469644902635,37,11764,2,0.513513513513513
"471","Val-d'Oise","95","Pontoise","500","VIVRE A PONTOISE 2020","LDVC, LDVD",0.271078128220985,0.34156604463959,41,16673,2,3.75609756097561
"472","Val-d'Oise","95","Saint-Brice-sous-Forêt","539","TOUS UNIS POUR SAINT BRICE","LDIV, LDVD",0.390625,0.470549084858569,35,8748,2,1.31428571428571
"473","Val-d'Oise","95","Sannois","582","SANNOIS AU COEUR","LDVC, LDVD",0.401309805348372,0.451359737178317,37,16160,3,0.027027027027027
"474","Val-d'Oise","95","Viarmes","652","FIERS D'ETRE VIARMOIS","LDIV, LDVD",0.266242038216561,0.370737073707371,31,3988,2,0.161290322580645
"475","Val-de-Marne","94","Arcueil","3","ARCUEIL, NOTRE VILLE, avec Benoit Joseph","LDVC, LDVD, LDVG",0.488366839846397,0.4940036900369,37,12574,3,2.64864864864865
"476","Val-de-Marne","94","Boissy-Saint-Léger","4","Boissy c'est vous","LDVG, LFI, LVEC",0.278932671424139,0.302717900656045,33,8722,3,3.36363636363636
"477","Val-de-Marne","94","Boissy-Saint-Léger","4","Engagés pour Boissy","LLR, LREM",0.272727272727273,0.288034989065917,35,8722,2,0.114285714285714
"478","Val-de-Marne","94","Bry-sur-Marne","15","VIVONS BRY","LLR, LREM",0.482765912455065,0.612917023096664,35,11322,2,2.54285714285714
"479","Val-de-Marne","94","Champigny-sur-Marne","17","ENSEMBLE POUR CHAMPIGNY - VILLE ECOLOGIQUE ET SOLIDAIRE","LDVG, LUG",0.459616295594505,0.453127226100584,49,43802,2,1.6734693877551
"480","Val-de-Marne","94","Chennevières-sur-Marne","19","POUR UN AVENIR ENSEMBLE A CHENNEVIERES","LDVD, LUC",0.444610331442222,0.38134810710988,35,10462,2,0.714285714285714
"481","Val-de-Marne","94","Choisy-le-Roi","22","GAGNER ENSEMBLE","LDVD, LVEC",0.5531005859375,0.486252945797329,45,21207,2,0.333333333333333
"482","Val-de-Marne","94","Fresnes","34","Donnons à Fresnes un nouveau départ avec Antoine MADELIN","LDVD, LDVG, LREM",0.372789995687796,0.441158841158841,35,14940,3,0.0571428571428571
"483","Val-de-Marne","94","Gentilly","37","ENSEMBLE ET ENGAGE.E.S. POUR GENTILLY","LCOM, LVEC",0.469992205767732,0.56027397260274,35,9792,2,0.885714285714286
"484","Val-de-Marne","94","Ivry-sur-Seine","41","Ensemble pour Ivry","LCOM, LVEC",0.655542590431739,0.707634521313767,51,28888,2,5.23529411764706
"485","Val-de-Marne","94","Le Kremlin-Bicêtre","43","Le Kremlin-Bicêtre en commun, un vrai maire, une nouvelle équipe. Liste d'union citoyenne présentée par les Ateliers Kremlinois et soutenue par MRC, GRS, PS, GE, PP, LRDG.","LDVG",0.342496704951986,0.285261784982299,37,14457,2,1.59459459459459
"486","Val-de-Marne","94","Le Kremlin-Bicêtre","43","RÉINVENTEZ LE KB","LDVG, LLR, LREM",0.324797589907739,0.340599962735234,37,14457,3,0.810810810810811
"487","Val-de-Marne","94","Nogent-sur-Marne","52","AMBITION POUR NOGENT","LDVC, LDVD",0.405084527035747,0.315100342633382,41,22097,2,0.902439024390244
"488","Val-de-Marne","94","Nogent-sur-Marne","52","ENSEMBLE AIMONS NOTRE VILLE","LLR, LREM",0.417989417989418,0.484703866862457,41,22097,2,2.60975609756098
"489","Val-de-Marne","94","Orly","54","AGIR POUR ORLY","LDVG, LVEC",0.356811356811357,0.332823259372609,35,11623,3,0.4
"490","Val-de-Marne","94","Villejuif","76","ENSEMBLE POUR VILLEJUIF ECOLOGIQUE ET SOLIDAIRE","LCOM, LDVG, LVEC",0.51892797319933,0.453937728937729,47,30052,3,0.0638297872340425
"491","Val-de-Marne","94","Villeneuve-Saint-Georges","78","ENSEMBLE POUR VILLENEUVE - Digne, écologique, solidaire","LCOM, LVEC",0.2760663507109,0.298892154646168,41,13584,2,0
"492","Val-de-Marne","94","Villiers-sur-Marne","79","VILLIERAINS UNIS POUR UNE VILLE HUMAINE","LDVG, LREM, LVEC",0.370466321243523,0.433805737988248,37,16352,3,0.108108108108108
"493","Var","83","Carqueiranne","34","BENCIVENGO 2020","LDVD, LREM",0.216849662162162,0.378177150192555,30,8921,2,0.166666666666667
"494","Var","83","Cogolin","42","Notre ville avec vous","LDVC, LDVD",0.419777503090235,0.481842105263158,35,7931,3,1.37142857142857
"495","Var","83","Cuers","49","Cuers 2020 : Tous pour la ville que nous voulons !","LDVD, LLR, LREM",0.297181208053691,0.358229988726043,35,8525,3,2.51428571428571
"496","Var","83","Cuers","49","CUERS SE RÉVEILLE","LDIV, LRN",0.235436241610738,0.279594137542277,33,8525,2,2.12121212121212
"497","Var","83","Hyères","69","HYÈRES TOUT NATURELLEMENT","LDVC, LDVD",0.39166017147311,0.387734516844866,45,39973,3,3.06666666666667
"498","Var","83","La Seyne-sur-Mer","126","AGIR POUR LES SEYNOIS","LDVD",0.115600172445649,0.200233963735621,49,44188,2,3.77551020408163
"499","Var","83","La Seyne-sur-Mer","126","LA SEYNE 2020, L'ÉNERGIE POSITIVE","LDVG, LUG",0.334359795528731,0.368622863456164,49,44188,2,2.14285714285714
"500","Var","83","Le Lavandou","70","LA VILLE HEUREUSE","LDVD, LECO",0.475409836065574,0.574759437453738,29,5497,3,0.275862068965517
"501","Var","83","Le Plan-de-la-Tour","94","AGIR POUR PLAN DE LA TOUR","",0.320754716981132,0.397945205479452,25,2663,2,0.28
"502","Var","83","Les Arcs","4","AIMER SA VILLE DES ARCS-SUR-ARGENS, C'EST LA FAIRE VIVRE","LDVD",0.391939944685895,0.331889763779528,29,5710,2,2.51724137931034
"503","Var","83","Pignans","92","AGIR POUR PIGNANS","LDVD",0.288615384615385,0.430832356389215,29,3120,2,5.13793103448276
"504","Var","83","Rocbaron","106","ROCBARON AVEC VOUS","LDIV, LDVG",0.237536656891496,0.31980252331322,31,3994,2,0.709677419354839
"505","Var","83","Saint-Tropez","119","VERANNE GUERIN SAINT-TROPEZ, MA PRIORITÉ POUR VOUS, AVEC NOUS","LDVC, LDVD",0.230444785276074,0.301990681914443,29,4460,2,0.793103448275862
"506","Var","83","Salernes","121","ENSEMBLE UNIS POUR SALERNES","LDIV, LDVC",0.288343558282209,0.387667887667888,29,3516,2,0.586206896551724
"507","Var","83","Solliès-Toucas","131","TOUCAS A VENIR","LDVD, LDVG",0.396260829913361,0.563242127000516,31,4731,2,0.67741935483871
"508","Vaucluse","84","Aubignan","4","AUBIGNAN EN AVANT !","LDVD, LEXD",0.381756756756757,0.524396507447355,31,4182,2,4.70967741935484
"509","Vaucluse","84","Cavaillon","35","CAVAILLON EN AVANT !","LDVD, LRN",0.348117484723044,0.37862351058154,37,16834,2,0.972972972972973
"510","Vaucluse","84","Mazan","72","VIVRE MAZAN AUTREMENT","LDVC, LDVG",0.286495582667228,0.323173464813985,29,5099,2,2.06896551724138
"511","Vaucluse","84","Mazan","72","CONSTRUISONS L'AVENIR DE MAZAN","LDVD, LDVG",0.333613798906184,0.396234872254594,29,5099,2,3.48275862068966
"512","Vaucluse","84","Orange","87","JACQUES BOMPARD 2020 : NOUS MAINTIENDRONS","LDVD, LEXD",0.563393973059297,0.528502044989775,37,18877,2,0.783783783783784
"513","Vendée","85","La Roche-sur-Yon","191","Engageons-nous pour la Roche sur Yon","LDVG",0.477167131288995,0.512139448018261,47,37962,3,1.36170212765957
"514","Vendée","85","Les Sables-d'Olonne","194","Brigitte Tesson, le coeur et la raison","LDVC, LDVD",0.215578916630165,0.212562261465813,47,39670,2,0.404255319148936
"515","Vendée","85","Saint-Hilaire-de-Riez","226","Saint-Hilaire passionnément","LDIV, LDVG",0.522891992222026,0.46057672917927,35,11047,2,0.0285714285714286
"516","Vendée","85","Vairé","298","Vairé Autrement","",0.450757575757576,0.559278350515464,19,1268,2,0.157894736842105
"517","Vosges","88","Epinal","160","EPINAL 2020","LDVD, LUC",0.391213645846116,0.397663071391885,41,21370,2,3.68292682926829
"518","Yonne","89","Auxerre","24","UN NOUVEL EQUILIBRE","LDVC, LVEC",0.384324388225559,0.439904450590898,39,20383,2,0.256410256410256
"519","Yonne","89","Avallon","25","RASSEMBLEMENT POUR AVALLON","LEXG, LRN",0.107370864770749,0.158426368952685,29,4564,2,2.82758620689655
"520","Yonne","89","Sens","387","LE BON SENS","LDIV, LREM",0.231685166498486,0.238482886216466,36,15893,2,3.86111111111111
"521","Yonne","89","Thorigny-sur-Oreuse","414","BIEN VIVRE DANS NOS VILLAGES","",0.460405156537753,0.54089219330855,15,1110,2,2
"522","Yvelines","78","Ablis","3","AVEC VOUS POUR ABLIS","",0.450928381962865,0.572881355932203,25,2422,2,0.16
"523","Yvelines","78","Achères","5","DU CONCRET POUR ACHERES","LDVG, LUG",0.297031912519527,0.368910450778249,37,13059,2,0.027027027027027
"524","Yvelines","78","Bonnières-sur-Seine","89","AGIR ENSEMBLE POUR BONNIERES-SUR-SEINE","LDVD",0.405797101449275,0.397920604914934,27,2657,2,2.07407407407407
"525","Yvelines","78","Carrières-sous-Poissy","123","FAIRE REUSSIR CARRIERES","LDIV, LREM",0.184489997530254,0.290373075919645,35,9345,2,1.45714285714286
"526","Yvelines","78","Guyancourt","297","GUYANCOURT POUR TOUS 2020","LDVG, LECO",0.514765489287782,0.584700341075199,35,17982,2,1.14285714285714
"527","Yvelines","78","Le Perray-en-Yvelines","486","Tous Perrotins !","LDVD",0.468238114262885,0.453585569731632,31,5225,2,1.93548387096774
"528","Yvelines","78","Le Vésinet","650","AGIR POUR LE VESINET","LDVD, LLR",0.316453240201785,0.231451146656388,35,12197,2,4.17142857142857
"529","Yvelines","78","Limay","335","LIMAY DEMAIN 2020","LDVD, LREM",0.331900026874496,0.403939557474366,35,9463,2,1.14285714285714
"530","Yvelines","78","Maisons-Laffitte","358","TOUS POUR MAISONS-LAFFITTE","LDVD, LUC",0.378438274019033,0.444864864864865,37,16892,3,0.189189189189189
"531","Yvelines","78","Mareil-Marly","367","UNION POUR MAREIL-MARLY","",0.391126279863481,0.537481259370315,25,2761,2,0.8
"532","Yvelines","78","Triel-sur-Seine","624","TRIEL, C'EST VOUS !","LDIV, LECO",0.475247524752475,0.413245758073344,35,8644,2,1.74285714285714
"533","Yvelines","78","Triel-sur-Seine","624","Triel a du talent !","LDIV, LREM",0.168316831683168,0.251231527093596,35,8644,2,0.2
"534","Yvelines","78","Verneuil-sur-Seine","642","Naturellement Verneuil","LDVC, LREM",0.363070022427112,0.339504688627074,35,10930,2,0.828571428571429
"535","Yvelines","78","Villennes-sur-Seine","672","BIEN VIVRE A VILLENNES","LDVC, LDVD",0.4,0.474202626641651,30,4431,2,0.0666666666666667
"536","Yvelines","78","Villepreux","674","AGIR AVEC VOUS","LDVC, LDVD",0.256875,0.338327839376686,35,7503,2,0.571428571428571
"537","Alpes-de-Haute-Provence","4","Corbières","63","CONSTRUISONS DEMAIN","",0.417933130699088,0.508270676691729,15,940,2,0
"538","Gers","32","Mauvezin","249","MAUVEZIN, UN TERROIR, UN AVENIR","",0.500961538461538,0.521212121212121,21,1644,2,0
"539","Isère","38","Tullins","517","Tullins-Fure - Fiers de notre ville","LDVG, LECO, LFI",0.277873070325901,0.41249446167479,29,5558,3,2
"540","Val-d'Oise","95","Saint-Brice-sous-Forêt","539","BIEN VIVRE À SAINT-BRICE-SOUS-FORET","LDVD, LDVG",0.168882978723404,0.269883527454243,33,8748,2,1.51515151515152
"541","Val-d'Oise","95","Sarcelles","585","POUR QUE VIVE SARCELLES","LDIV, LDVG",0.421467053460423,0.515590632682106,47,27426,3,1.91489361702128
"542","Tarn-et-Garonne","82","Nègrepelisse","134","AGIR ENSEMBLE POUR NEGREPELISSE","LDIV, LLR",0.362077922077922,0.288755458515284,29,3853,2,4.75862068965517
"543","Nouvelle-Calédonie","988","Kouaoua","833","ARRO NA NÂBO ROA MÖRRÖ UC FLNKS","",0.471626733921816,0.519447929736512,15,1175,2,0
"544","Pyrénées-Orientales","66","Le Boulou","24","RÉUSSIR LE CHANGEMENT TOUS ENSEMBLE","LDVD",0.104529616724739,0.203117389186556,29,4405,2,0.793103448275862
"545","Nord","59","Wambrechies","636","VIVONS WAMBRECHIES ENSEMBLE","LDVD, LVEC",0.248989218328841,0.434978928356412,33,8283,2,0
"546","Loir-et-Cher","41","Salbris","232","VIVRE A SALBRIS","LDIV, LDVC",0.420486435921422,0.301470588235294,31,3956,2,4.16129032258065
